LVL1_NAME,LVL2_NAME,LVL3_NAME,LVL1_TID,LVL2_TID,LVL3_TID,LVL1_LINK,LVL2_LINK,LVL3_LINK
Республика Карелия,,,2348078,,,https://www.reformagkh.ru/myhouse?tid=2348078,,
Республика Карелия,Сегежский муниципальный район,,2348078,2348092,,https://www.reformagkh.ru/myhouse?tid=2348078,https://www.reformagkh.ru/myhouse?tid=2348092,
Республика Карелия,Сегежский муниципальный район,Чернопорожское,2348078,2348092,,https://www.reformagkh.ru/myhouse?tid=2348078,https://www.reformagkh.ru/myhouse?tid=2348092,
Республика Карелия,Сегежский муниципальный район,Сегежское,2348078,2348092,2348829,https://www.reformagkh.ru/myhouse?tid=2348078,https://www.reformagkh.ru/myhouse?tid=2348092,https://www.reformagkh.ru/myhouse?tid=2348829
Республика Карелия,Сегежский муниципальный район,Поповпорожское,2348078,2348092,,https://www.reformagkh.ru/myhouse?tid=2348078,https://www.reformagkh.ru/myhouse?tid=2348092,
Республика Карелия,Сегежский муниципальный район,Надвоицкое,2348078,2348092,2348830,https://www.reformagkh.ru/myhouse?tid=2348078,https://www.reformagkh.ru/myhouse?tid=2348092,https://www.reformagkh.ru/myhouse?tid=2348830
Республика Карелия,Сегежский муниципальный район,Валдайское,2348078,2348092,,https://www.reformagkh.ru/myhouse?tid=2348078,https://www.reformagkh.ru/myhouse?tid=2348092,
Республика Карелия,Сегежский муниципальный район,Идельское,2348078,2348092,,https://www.reformagkh.ru/myhouse?tid=2348078,https://www.reformagkh.ru/myhouse?tid=2348092,
Республика Карелия,Костомукшский,,2348078,2348094,,https://www.reformagkh.ru/myhouse?tid=2348078,https://www.reformagkh.ru/myhouse?tid=2348094,
Республика Карелия,Беломорский муниципальный район,,2348078,2348087,,https://www.reformagkh.ru/myhouse?tid=2348078,https://www.reformagkh.ru/myhouse?tid=2348087,
Республика Карелия,Беломорский муниципальный район,Сосновецкое,2348078,2348087,2348100,https://www.reformagkh.ru/myhouse?tid=2348078,https://www.reformagkh.ru/myhouse?tid=2348087,https://www.reformagkh.ru/myhouse?tid=2348100
Республика Карелия,Беломорский муниципальный район,Летнереченское,2348078,2348087,2348098,https://www.reformagkh.ru/myhouse?tid=2348078,https://www.reformagkh.ru/myhouse?tid=2348087,https://www.reformagkh.ru/myhouse?tid=2348098
Республика Карелия,Беломорский муниципальный район,Беломорское,2348078,2348087,2348097,https://www.reformagkh.ru/myhouse?tid=2348078,https://www.reformagkh.ru/myhouse?tid=2348087,https://www.reformagkh.ru/myhouse?tid=2348097
Республика Карелия,Беломорский муниципальный район,Сумпосадское,2348078,2348087,2348101,https://www.reformagkh.ru/myhouse?tid=2348078,https://www.reformagkh.ru/myhouse?tid=2348087,https://www.reformagkh.ru/myhouse?tid=2348101
Республика Карелия,Медвежьегорский муниципальный район,,2348078,2348085,,https://www.reformagkh.ru/myhouse?tid=2348078,https://www.reformagkh.ru/myhouse?tid=2348085,
Республика Карелия,Медвежьегорский муниципальный район,Толвуйское,2348078,2348085,2348382,https://www.reformagkh.ru/myhouse?tid=2348078,https://www.reformagkh.ru/myhouse?tid=2348085,https://www.reformagkh.ru/myhouse?tid=2348382
Республика Карелия,Медвежьегорский муниципальный район,Пиндушское,2348078,2348085,2348378,https://www.reformagkh.ru/myhouse?tid=2348078,https://www.reformagkh.ru/myhouse?tid=2348085,https://www.reformagkh.ru/myhouse?tid=2348378
Республика Карелия,Медвежьегорский муниципальный район,Шуньгское,2348078,2348085,2348385,https://www.reformagkh.ru/myhouse?tid=2348078,https://www.reformagkh.ru/myhouse?tid=2348085,https://www.reformagkh.ru/myhouse?tid=2348385
Республика Карелия,Медвежьегорский муниципальный район,Чёлмужское,2348078,2348085,,https://www.reformagkh.ru/myhouse?tid=2348078,https://www.reformagkh.ru/myhouse?tid=2348085,
Республика Карелия,Медвежьегорский муниципальный район,Чёбинское,2348078,2348085,2348383,https://www.reformagkh.ru/myhouse?tid=2348078,https://www.reformagkh.ru/myhouse?tid=2348085,https://www.reformagkh.ru/myhouse?tid=2348383
Республика Карелия,Медвежьегорский муниципальный район,Паданское,2348078,2348085,2348381,https://www.reformagkh.ru/myhouse?tid=2348078,https://www.reformagkh.ru/myhouse?tid=2348085,https://www.reformagkh.ru/myhouse?tid=2348381
Республика Карелия,Медвежьегорский муниципальный район,Медвежьегорское,2348078,2348085,2348377,https://www.reformagkh.ru/myhouse?tid=2348078,https://www.reformagkh.ru/myhouse?tid=2348085,https://www.reformagkh.ru/myhouse?tid=2348377
Республика Карелия,Медвежьегорский муниципальный район,Повенецкое,2348078,2348085,2348379,https://www.reformagkh.ru/myhouse?tid=2348078,https://www.reformagkh.ru/myhouse?tid=2348085,https://www.reformagkh.ru/myhouse?tid=2348379
Республика Карелия,Медвежьегорский муниципальный район,Великогубское,2348078,2348085,2348380,https://www.reformagkh.ru/myhouse?tid=2348078,https://www.reformagkh.ru/myhouse?tid=2348085,https://www.reformagkh.ru/myhouse?tid=2348380
Республика Карелия,Кемский муниципальный район,,2348078,2348082,,https://www.reformagkh.ru/myhouse?tid=2348078,https://www.reformagkh.ru/myhouse?tid=2348082,
Республика Карелия,Кемский муниципальный район,Кемское,2348078,2348082,2348203,https://www.reformagkh.ru/myhouse?tid=2348078,https://www.reformagkh.ru/myhouse?tid=2348082,https://www.reformagkh.ru/myhouse?tid=2348203
Республика Карелия,Кемский муниципальный район,Куземское,2348078,2348082,2348205,https://www.reformagkh.ru/myhouse?tid=2348078,https://www.reformagkh.ru/myhouse?tid=2348082,https://www.reformagkh.ru/myhouse?tid=2348205
Республика Карелия,Кемский муниципальный район,Рабочеостровское,2348078,2348082,2348206,https://www.reformagkh.ru/myhouse?tid=2348078,https://www.reformagkh.ru/myhouse?tid=2348082,https://www.reformagkh.ru/myhouse?tid=2348206
Республика Карелия,Кемский муниципальный район,Кривопорожское,2348078,2348082,2348204,https://www.reformagkh.ru/myhouse?tid=2348078,https://www.reformagkh.ru/myhouse?tid=2348082,https://www.reformagkh.ru/myhouse?tid=2348204
Республика Карелия,Суоярвский муниципальный район,,2348078,2348091,,https://www.reformagkh.ru/myhouse?tid=2348078,https://www.reformagkh.ru/myhouse?tid=2348091,
Республика Карелия,Суоярвский муниципальный район,Суоярвское,2348078,2348091,2348860,https://www.reformagkh.ru/myhouse?tid=2348078,https://www.reformagkh.ru/myhouse?tid=2348091,https://www.reformagkh.ru/myhouse?tid=2348860
Республика Карелия,Суоярвский муниципальный район,Найстенъярвское,2348078,2348091,2348863,https://www.reformagkh.ru/myhouse?tid=2348078,https://www.reformagkh.ru/myhouse?tid=2348091,https://www.reformagkh.ru/myhouse?tid=2348863
Республика Карелия,Суоярвский муниципальный район,Вешкельское,2348078,2348091,2348861,https://www.reformagkh.ru/myhouse?tid=2348078,https://www.reformagkh.ru/myhouse?tid=2348091,https://www.reformagkh.ru/myhouse?tid=2348861
Республика Карелия,Суоярвский муниципальный район,Поросозерское,2348078,2348091,2348864,https://www.reformagkh.ru/myhouse?tid=2348078,https://www.reformagkh.ru/myhouse?tid=2348091,https://www.reformagkh.ru/myhouse?tid=2348864
Республика Карелия,Суоярвский муниципальный район,Лоймольское,2348078,2348091,2348862,https://www.reformagkh.ru/myhouse?tid=2348078,https://www.reformagkh.ru/myhouse?tid=2348091,https://www.reformagkh.ru/myhouse?tid=2348862
Республика Карелия,Сортавальский муниципальный район,,2348078,2348081,,https://www.reformagkh.ru/myhouse?tid=2348078,https://www.reformagkh.ru/myhouse?tid=2348081,
Республика Карелия,Сортавальский муниципальный район,Кааламское,2348078,2348081,2348157,https://www.reformagkh.ru/myhouse?tid=2348078,https://www.reformagkh.ru/myhouse?tid=2348081,https://www.reformagkh.ru/myhouse?tid=2348157
Республика Карелия,Сортавальский муниципальный район,Вяртсильское,2348078,2348081,2348154,https://www.reformagkh.ru/myhouse?tid=2348078,https://www.reformagkh.ru/myhouse?tid=2348081,https://www.reformagkh.ru/myhouse?tid=2348154
Республика Карелия,Сортавальский муниципальный район,Хелюльское,2348078,2348081,2348155,https://www.reformagkh.ru/myhouse?tid=2348078,https://www.reformagkh.ru/myhouse?tid=2348081,https://www.reformagkh.ru/myhouse?tid=2348155
Республика Карелия,Сортавальский муниципальный район,Сортавальское,2348078,2348081,2348153,https://www.reformagkh.ru/myhouse?tid=2348078,https://www.reformagkh.ru/myhouse?tid=2348081,https://www.reformagkh.ru/myhouse?tid=2348153
Республика Карелия,Сортавальский муниципальный район,Хаапалампинское,2348078,2348081,2348156,https://www.reformagkh.ru/myhouse?tid=2348078,https://www.reformagkh.ru/myhouse?tid=2348081,https://www.reformagkh.ru/myhouse?tid=2348156
Республика Карелия,Калевальский муниципальный район,,2348078,2348080,,https://www.reformagkh.ru/myhouse?tid=2348078,https://www.reformagkh.ru/myhouse?tid=2348080,
Республика Карелия,Калевальский муниципальный район,Калевальское,2348078,2348080,2348144,https://www.reformagkh.ru/myhouse?tid=2348078,https://www.reformagkh.ru/myhouse?tid=2348080,https://www.reformagkh.ru/myhouse?tid=2348144
Республика Карелия,Калевальский муниципальный район,Боровское,2348078,2348080,2348145,https://www.reformagkh.ru/myhouse?tid=2348078,https://www.reformagkh.ru/myhouse?tid=2348080,https://www.reformagkh.ru/myhouse?tid=2348145
Республика Карелия,Калевальский муниципальный район,Луусалмское,2348078,2348080,,https://www.reformagkh.ru/myhouse?tid=2348078,https://www.reformagkh.ru/myhouse?tid=2348080,
Республика Карелия,Калевальский муниципальный район,Юшкозерское,2348078,2348080,2348147,https://www.reformagkh.ru/myhouse?tid=2348078,https://www.reformagkh.ru/myhouse?tid=2348080,https://www.reformagkh.ru/myhouse?tid=2348147
Республика Карелия,Петрозаводский,,2348078,2348093,,https://www.reformagkh.ru/myhouse?tid=2348078,https://www.reformagkh.ru/myhouse?tid=2348093,
Республика Карелия,Пряжинский муниципальный район,,2348078,2348089,,https://www.reformagkh.ru/myhouse?tid=2348078,https://www.reformagkh.ru/myhouse?tid=2348089,
Республика Карелия,Пряжинский муниципальный район,Матросское,2348078,2348089,2348681,https://www.reformagkh.ru/myhouse?tid=2348078,https://www.reformagkh.ru/myhouse?tid=2348089,https://www.reformagkh.ru/myhouse?tid=2348681
Республика Карелия,Пряжинский муниципальный район,Крошнозерское,2348078,2348089,2348680,https://www.reformagkh.ru/myhouse?tid=2348078,https://www.reformagkh.ru/myhouse?tid=2348089,https://www.reformagkh.ru/myhouse?tid=2348680
Республика Карелия,Пряжинский муниципальный район,Ведлозерское,2348078,2348089,2348684,https://www.reformagkh.ru/myhouse?tid=2348078,https://www.reformagkh.ru/myhouse?tid=2348089,https://www.reformagkh.ru/myhouse?tid=2348684
Республика Карелия,Пряжинский муниципальный район,Эссойльское,2348078,2348089,2348686,https://www.reformagkh.ru/myhouse?tid=2348078,https://www.reformagkh.ru/myhouse?tid=2348089,https://www.reformagkh.ru/myhouse?tid=2348686
Республика Карелия,Пряжинский муниципальный район,Святозерское,2348078,2348089,2348682,https://www.reformagkh.ru/myhouse?tid=2348078,https://www.reformagkh.ru/myhouse?tid=2348089,https://www.reformagkh.ru/myhouse?tid=2348682
Республика Карелия,Пряжинский муниципальный район,Чалнинское,2348078,2348089,2348685,https://www.reformagkh.ru/myhouse?tid=2348078,https://www.reformagkh.ru/myhouse?tid=2348089,https://www.reformagkh.ru/myhouse?tid=2348685
Республика Карелия,Пряжинский муниципальный район,Пряжинское,2348078,2348089,2348683,https://www.reformagkh.ru/myhouse?tid=2348078,https://www.reformagkh.ru/myhouse?tid=2348089,https://www.reformagkh.ru/myhouse?tid=2348683
Республика Карелия,Пудожский муниципальный район,,2348078,2348090,,https://www.reformagkh.ru/myhouse?tid=2348078,https://www.reformagkh.ru/myhouse?tid=2348090,
Республика Карелия,Пудожский муниципальный район,Кривецкое,2348078,2348090,2348765,https://www.reformagkh.ru/myhouse?tid=2348078,https://www.reformagkh.ru/myhouse?tid=2348090,https://www.reformagkh.ru/myhouse?tid=2348765
Республика Карелия,Пудожский муниципальный район,Красноборское,2348078,2348090,2348764,https://www.reformagkh.ru/myhouse?tid=2348078,https://www.reformagkh.ru/myhouse?tid=2348090,https://www.reformagkh.ru/myhouse?tid=2348764
Республика Карелия,Пудожский муниципальный район,Куганаволокское,2348078,2348090,,https://www.reformagkh.ru/myhouse?tid=2348078,https://www.reformagkh.ru/myhouse?tid=2348090,
Республика Карелия,Пудожский муниципальный район,Шальское,2348078,2348090,2348769,https://www.reformagkh.ru/myhouse?tid=2348078,https://www.reformagkh.ru/myhouse?tid=2348090,https://www.reformagkh.ru/myhouse?tid=2348769
Республика Карелия,Пудожский муниципальный район,Кубовское,2348078,2348090,2348766,https://www.reformagkh.ru/myhouse?tid=2348078,https://www.reformagkh.ru/myhouse?tid=2348090,https://www.reformagkh.ru/myhouse?tid=2348766
Республика Карелия,Пудожский муниципальный район,Авдеевское,2348078,2348090,2348763,https://www.reformagkh.ru/myhouse?tid=2348078,https://www.reformagkh.ru/myhouse?tid=2348090,https://www.reformagkh.ru/myhouse?tid=2348763
Республика Карелия,Пудожский муниципальный район,Пудожское,2348078,2348090,2348762,https://www.reformagkh.ru/myhouse?tid=2348078,https://www.reformagkh.ru/myhouse?tid=2348090,https://www.reformagkh.ru/myhouse?tid=2348762
Республика Карелия,Пудожский муниципальный район,Пяльмское,2348078,2348090,2348768,https://www.reformagkh.ru/myhouse?tid=2348078,https://www.reformagkh.ru/myhouse?tid=2348090,https://www.reformagkh.ru/myhouse?tid=2348768
Республика Карелия,Прионежский муниципальный район,,2348078,2348095,,https://www.reformagkh.ru/myhouse?tid=2348078,https://www.reformagkh.ru/myhouse?tid=2348095,
Республика Карелия,Прионежский муниципальный район,Нововилговское,2348078,2348095,2348639,https://www.reformagkh.ru/myhouse?tid=2348078,https://www.reformagkh.ru/myhouse?tid=2348095,https://www.reformagkh.ru/myhouse?tid=2348639
Республика Карелия,Прионежский муниципальный район,Мелиоративное,2348078,2348095,2348645,https://www.reformagkh.ru/myhouse?tid=2348078,https://www.reformagkh.ru/myhouse?tid=2348095,https://www.reformagkh.ru/myhouse?tid=2348645
Республика Карелия,Прионежский муниципальный район,Ладва-Веткинское,2348078,2348095,2348643,https://www.reformagkh.ru/myhouse?tid=2348078,https://www.reformagkh.ru/myhouse?tid=2348095,https://www.reformagkh.ru/myhouse?tid=2348643
Республика Карелия,Прионежский муниципальный район,Деревянское,2348078,2348095,2348641,https://www.reformagkh.ru/myhouse?tid=2348078,https://www.reformagkh.ru/myhouse?tid=2348095,https://www.reformagkh.ru/myhouse?tid=2348641
Республика Карелия,Прионежский муниципальный район,Деревянкское,2348078,2348095,2348640,https://www.reformagkh.ru/myhouse?tid=2348078,https://www.reformagkh.ru/myhouse?tid=2348095,https://www.reformagkh.ru/myhouse?tid=2348640
Республика Карелия,Прионежский муниципальный район,Пайское,2348078,2348095,2348646,https://www.reformagkh.ru/myhouse?tid=2348078,https://www.reformagkh.ru/myhouse?tid=2348095,https://www.reformagkh.ru/myhouse?tid=2348646
Республика Карелия,Прионежский муниципальный район,Рыборецкое вепсское,2348078,2348095,2348647,https://www.reformagkh.ru/myhouse?tid=2348078,https://www.reformagkh.ru/myhouse?tid=2348095,https://www.reformagkh.ru/myhouse?tid=2348647
Республика Карелия,Прионежский муниципальный район,Шуйское,2348078,2348095,2348635,https://www.reformagkh.ru/myhouse?tid=2348078,https://www.reformagkh.ru/myhouse?tid=2348095,https://www.reformagkh.ru/myhouse?tid=2348635
Республика Карелия,Прионежский муниципальный район,Шелтозерское вепсское,2348078,2348095,2348636,https://www.reformagkh.ru/myhouse?tid=2348078,https://www.reformagkh.ru/myhouse?tid=2348095,https://www.reformagkh.ru/myhouse?tid=2348636
Республика Карелия,Прионежский муниципальный район,Шокшинское вепсское,2348078,2348095,2348637,https://www.reformagkh.ru/myhouse?tid=2348078,https://www.reformagkh.ru/myhouse?tid=2348095,https://www.reformagkh.ru/myhouse?tid=2348637
Республика Карелия,Прионежский муниципальный район,Гарнизонное,2348078,2348095,2348638,https://www.reformagkh.ru/myhouse?tid=2348078,https://www.reformagkh.ru/myhouse?tid=2348095,https://www.reformagkh.ru/myhouse?tid=2348638
Республика Карелия,Прионежский муниципальный район,Ладвинское,2348078,2348095,2348644,https://www.reformagkh.ru/myhouse?tid=2348078,https://www.reformagkh.ru/myhouse?tid=2348095,https://www.reformagkh.ru/myhouse?tid=2348644
Республика Карелия,Прионежский муниципальный район,Заозерское,2348078,2348095,2348642,https://www.reformagkh.ru/myhouse?tid=2348078,https://www.reformagkh.ru/myhouse?tid=2348095,https://www.reformagkh.ru/myhouse?tid=2348642
Республика Карелия,Муезерский муниципальный район,,2348078,2348086,,https://www.reformagkh.ru/myhouse?tid=2348078,https://www.reformagkh.ru/myhouse?tid=2348086,
Республика Карелия,Муезерский муниципальный район,Лендерское,2348078,2348086,2348521,https://www.reformagkh.ru/myhouse?tid=2348078,https://www.reformagkh.ru/myhouse?tid=2348086,https://www.reformagkh.ru/myhouse?tid=2348521
Республика Карелия,Муезерский муниципальный район,Муезерское,2348078,2348086,2348518,https://www.reformagkh.ru/myhouse?tid=2348078,https://www.reformagkh.ru/myhouse?tid=2348086,https://www.reformagkh.ru/myhouse?tid=2348518
Республика Карелия,Муезерский муниципальный район,Суккозерское,2348078,2348086,2348525,https://www.reformagkh.ru/myhouse?tid=2348078,https://www.reformagkh.ru/myhouse?tid=2348086,https://www.reformagkh.ru/myhouse?tid=2348525
Республика Карелия,Муезерский муниципальный район,Ругозерское,2348078,2348086,2348524,https://www.reformagkh.ru/myhouse?tid=2348078,https://www.reformagkh.ru/myhouse?tid=2348086,https://www.reformagkh.ru/myhouse?tid=2348524
Республика Карелия,Муезерский муниципальный район,Ребольское,2348078,2348086,,https://www.reformagkh.ru/myhouse?tid=2348078,https://www.reformagkh.ru/myhouse?tid=2348086,
Республика Карелия,Муезерский муниципальный район,Воломское,2348078,2348086,2348519,https://www.reformagkh.ru/myhouse?tid=2348078,https://www.reformagkh.ru/myhouse?tid=2348086,https://www.reformagkh.ru/myhouse?tid=2348519
Республика Карелия,Муезерский муниципальный район,Ледмозерское,2348078,2348086,2348520,https://www.reformagkh.ru/myhouse?tid=2348078,https://www.reformagkh.ru/myhouse?tid=2348086,https://www.reformagkh.ru/myhouse?tid=2348520
Республика Карелия,Муезерский муниципальный район,Пенингское,2348078,2348086,2348522,https://www.reformagkh.ru/myhouse?tid=2348078,https://www.reformagkh.ru/myhouse?tid=2348086,https://www.reformagkh.ru/myhouse?tid=2348522
Республика Карелия,Олонецкий муниципальный район,,2348078,2348088,,https://www.reformagkh.ru/myhouse?tid=2348078,https://www.reformagkh.ru/myhouse?tid=2348088,
Республика Карелия,Олонецкий муниципальный район,Куйтежское,2348078,2348088,2348542,https://www.reformagkh.ru/myhouse?tid=2348078,https://www.reformagkh.ru/myhouse?tid=2348088,https://www.reformagkh.ru/myhouse?tid=2348542
Республика Карелия,Олонецкий муниципальный район,Туксинское,2348078,2348088,2348545,https://www.reformagkh.ru/myhouse?tid=2348078,https://www.reformagkh.ru/myhouse?tid=2348088,https://www.reformagkh.ru/myhouse?tid=2348545
Республика Карелия,Олонецкий муниципальный район,Михайловское,2348078,2348088,2348544,https://www.reformagkh.ru/myhouse?tid=2348078,https://www.reformagkh.ru/myhouse?tid=2348088,https://www.reformagkh.ru/myhouse?tid=2348544
Республика Карелия,Олонецкий муниципальный район,Коткозерское,2348078,2348088,2348550,https://www.reformagkh.ru/myhouse?tid=2348078,https://www.reformagkh.ru/myhouse?tid=2348088,https://www.reformagkh.ru/myhouse?tid=2348550
Республика Карелия,Олонецкий муниципальный район,Коверское,2348078,2348088,2348549,https://www.reformagkh.ru/myhouse?tid=2348078,https://www.reformagkh.ru/myhouse?tid=2348088,https://www.reformagkh.ru/myhouse?tid=2348549
Республика Карелия,Олонецкий муниципальный район,Мегрегское,2348078,2348088,2348543,https://www.reformagkh.ru/myhouse?tid=2348078,https://www.reformagkh.ru/myhouse?tid=2348088,https://www.reformagkh.ru/myhouse?tid=2348543
Республика Карелия,Олонецкий муниципальный район,Видлицкое,2348078,2348088,2348547,https://www.reformagkh.ru/myhouse?tid=2348078,https://www.reformagkh.ru/myhouse?tid=2348088,https://www.reformagkh.ru/myhouse?tid=2348547
Республика Карелия,Олонецкий муниципальный район,Ильинское,2348078,2348088,2348548,https://www.reformagkh.ru/myhouse?tid=2348078,https://www.reformagkh.ru/myhouse?tid=2348088,https://www.reformagkh.ru/myhouse?tid=2348548
Республика Карелия,Олонецкий муниципальный район,Олонецкое,2348078,2348088,2348546,https://www.reformagkh.ru/myhouse?tid=2348078,https://www.reformagkh.ru/myhouse?tid=2348088,https://www.reformagkh.ru/myhouse?tid=2348546
Республика Карелия,Кондопожский муниципальный район,,2348078,2348096,,https://www.reformagkh.ru/myhouse?tid=2348078,https://www.reformagkh.ru/myhouse?tid=2348096,
Республика Карелия,Кондопожский муниципальный район,Кяппесельгское,2348078,2348096,2348225,https://www.reformagkh.ru/myhouse?tid=2348078,https://www.reformagkh.ru/myhouse?tid=2348096,https://www.reformagkh.ru/myhouse?tid=2348225
Республика Карелия,Кондопожский муниципальный район,Гирвасское,2348078,2348096,2348231,https://www.reformagkh.ru/myhouse?tid=2348078,https://www.reformagkh.ru/myhouse?tid=2348096,https://www.reformagkh.ru/myhouse?tid=2348231
Республика Карелия,Кондопожский муниципальный район,Кондопожское,2348078,2348096,2348230,https://www.reformagkh.ru/myhouse?tid=2348078,https://www.reformagkh.ru/myhouse?tid=2348096,https://www.reformagkh.ru/myhouse?tid=2348230
Республика Карелия,Кондопожский муниципальный район,Курортное,2348078,2348096,2348224,https://www.reformagkh.ru/myhouse?tid=2348078,https://www.reformagkh.ru/myhouse?tid=2348096,https://www.reformagkh.ru/myhouse?tid=2348224
Республика Карелия,Кондопожский муниципальный район,Петровское,2348078,2348096,2348228,https://www.reformagkh.ru/myhouse?tid=2348078,https://www.reformagkh.ru/myhouse?tid=2348096,https://www.reformagkh.ru/myhouse?tid=2348228
Республика Карелия,Кондопожский муниципальный район,Новинское,2348078,2348096,,https://www.reformagkh.ru/myhouse?tid=2348078,https://www.reformagkh.ru/myhouse?tid=2348096,
Республика Карелия,Кондопожский муниципальный район,Янишпольское,2348078,2348096,2348229,https://www.reformagkh.ru/myhouse?tid=2348078,https://www.reformagkh.ru/myhouse?tid=2348096,https://www.reformagkh.ru/myhouse?tid=2348229
Республика Карелия,Кондопожский муниципальный район,Кедрозерское,2348078,2348096,2348226,https://www.reformagkh.ru/myhouse?tid=2348078,https://www.reformagkh.ru/myhouse?tid=2348096,https://www.reformagkh.ru/myhouse?tid=2348226
Республика Карелия,Кондопожский муниципальный район,Кончезерское,2348078,2348096,2348223,https://www.reformagkh.ru/myhouse?tid=2348078,https://www.reformagkh.ru/myhouse?tid=2348096,https://www.reformagkh.ru/myhouse?tid=2348223
Республика Карелия,Лахденпохский муниципальный район,,2348078,2348083,,https://www.reformagkh.ru/myhouse?tid=2348078,https://www.reformagkh.ru/myhouse?tid=2348083,
Республика Карелия,Лахденпохский муниципальный район,Хийтольское,2348078,2348083,2348301,https://www.reformagkh.ru/myhouse?tid=2348078,https://www.reformagkh.ru/myhouse?tid=2348083,https://www.reformagkh.ru/myhouse?tid=2348301
Республика Карелия,Лахденпохский муниципальный район,Куркиёкское,2348078,2348083,2348299,https://www.reformagkh.ru/myhouse?tid=2348078,https://www.reformagkh.ru/myhouse?tid=2348083,https://www.reformagkh.ru/myhouse?tid=2348299
Республика Карелия,Лахденпохский муниципальный район,Мийнальское,2348078,2348083,2348300,https://www.reformagkh.ru/myhouse?tid=2348078,https://www.reformagkh.ru/myhouse?tid=2348083,https://www.reformagkh.ru/myhouse?tid=2348300
Республика Карелия,Лахденпохский муниципальный район,Лахденпохское,2348078,2348083,2348298,https://www.reformagkh.ru/myhouse?tid=2348078,https://www.reformagkh.ru/myhouse?tid=2348083,https://www.reformagkh.ru/myhouse?tid=2348298
Республика Карелия,Лахденпохский муниципальный район,Элисенваарское,2348078,2348083,2348302,https://www.reformagkh.ru/myhouse?tid=2348078,https://www.reformagkh.ru/myhouse?tid=2348083,https://www.reformagkh.ru/myhouse?tid=2348302
Республика Карелия,Питкярантский муниципальный район,,2348078,2348079,,https://www.reformagkh.ru/myhouse?tid=2348078,https://www.reformagkh.ru/myhouse?tid=2348079,
Республика Карелия,Питкярантский муниципальный район,Ляскельское,2348078,2348079,2348608,https://www.reformagkh.ru/myhouse?tid=2348078,https://www.reformagkh.ru/myhouse?tid=2348079,https://www.reformagkh.ru/myhouse?tid=2348608
Республика Карелия,Питкярантский муниципальный район,Харлуское,2348078,2348079,2348610,https://www.reformagkh.ru/myhouse?tid=2348078,https://www.reformagkh.ru/myhouse?tid=2348079,https://www.reformagkh.ru/myhouse?tid=2348610
Республика Карелия,Питкярантский муниципальный район,Питкярантское,2348078,2348079,2348606,https://www.reformagkh.ru/myhouse?tid=2348078,https://www.reformagkh.ru/myhouse?tid=2348079,https://www.reformagkh.ru/myhouse?tid=2348606
Республика Карелия,Питкярантский муниципальный район,Салминское,2348078,2348079,2348609,https://www.reformagkh.ru/myhouse?tid=2348078,https://www.reformagkh.ru/myhouse?tid=2348079,https://www.reformagkh.ru/myhouse?tid=2348609
Республика Карелия,Питкярантский муниципальный район,Импилахтинское,2348078,2348079,2348607,https://www.reformagkh.ru/myhouse?tid=2348078,https://www.reformagkh.ru/myhouse?tid=2348079,https://www.reformagkh.ru/myhouse?tid=2348607
Республика Карелия,Лоухский муниципальный район,,2348078,2348084,,https://www.reformagkh.ru/myhouse?tid=2348078,https://www.reformagkh.ru/myhouse?tid=2348084,
Республика Карелия,Лоухский муниципальный район,Лоухское,2348078,2348084,2348348,https://www.reformagkh.ru/myhouse?tid=2348078,https://www.reformagkh.ru/myhouse?tid=2348084,https://www.reformagkh.ru/myhouse?tid=2348348
Республика Карелия,Лоухский муниципальный район,Амбарнское,2348078,2348084,,https://www.reformagkh.ru/myhouse?tid=2348078,https://www.reformagkh.ru/myhouse?tid=2348084,
Республика Карелия,Лоухский муниципальный район,Кестеньгское,2348078,2348084,2348352,https://www.reformagkh.ru/myhouse?tid=2348078,https://www.reformagkh.ru/myhouse?tid=2348084,https://www.reformagkh.ru/myhouse?tid=2348352
Республика Карелия,Лоухский муниципальный район,Чупинское,2348078,2348084,2348350,https://www.reformagkh.ru/myhouse?tid=2348078,https://www.reformagkh.ru/myhouse?tid=2348084,https://www.reformagkh.ru/myhouse?tid=2348350
Республика Карелия,Лоухский муниципальный район,Плотинское,2348078,2348084,2348354,https://www.reformagkh.ru/myhouse?tid=2348078,https://www.reformagkh.ru/myhouse?tid=2348084,https://www.reformagkh.ru/myhouse?tid=2348354
Республика Карелия,Лоухский муниципальный район,Пяозерское,2348078,2348084,2348349,https://www.reformagkh.ru/myhouse?tid=2348078,https://www.reformagkh.ru/myhouse?tid=2348084,https://www.reformagkh.ru/myhouse?tid=2348349
Республика Карелия,Лоухский муниципальный район,Малиновараккское,2348078,2348084,2348353,https://www.reformagkh.ru/myhouse?tid=2348078,https://www.reformagkh.ru/myhouse?tid=2348084,https://www.reformagkh.ru/myhouse?tid=2348353
Чеченская Республика,,,2358750,,,https://www.reformagkh.ru/myhouse?tid=2358750,,
Чеченская Республика,Ножай-Юртовский район,,2358750,2358753,,https://www.reformagkh.ru/myhouse?tid=2358750,https://www.reformagkh.ru/myhouse?tid=2358753,
Чеченская Республика,Ножай-Юртовский район,Энгенойская,2358750,2358753,,https://www.reformagkh.ru/myhouse?tid=2358750,https://www.reformagkh.ru/myhouse?tid=2358753,
Чеченская Республика,Ножай-Юртовский район,Мескетынская,2358750,2358753,,https://www.reformagkh.ru/myhouse?tid=2358750,https://www.reformagkh.ru/myhouse?tid=2358753,
Чеченская Республика,Ножай-Юртовский район,Айти-Мохкская,2358750,2358753,,https://www.reformagkh.ru/myhouse?tid=2358750,https://www.reformagkh.ru/myhouse?tid=2358753,
Чеченская Республика,Ножай-Юртовский район,Даттахская,2358750,2358753,,https://www.reformagkh.ru/myhouse?tid=2358750,https://www.reformagkh.ru/myhouse?tid=2358753,
Чеченская Республика,Ножай-Юртовский район,Байтаркинская,2358750,2358753,,https://www.reformagkh.ru/myhouse?tid=2358750,https://www.reformagkh.ru/myhouse?tid=2358753,
Чеченская Республика,Ножай-Юртовский район,Саясановская,2358750,2358753,,https://www.reformagkh.ru/myhouse?tid=2358750,https://www.reformagkh.ru/myhouse?tid=2358753,
Чеченская Республика,Ножай-Юртовский район,Зандакская,2358750,2358753,,https://www.reformagkh.ru/myhouse?tid=2358750,https://www.reformagkh.ru/myhouse?tid=2358753,
Чеченская Республика,Ножай-Юртовский район,Гордалинская,2358750,2358753,,https://www.reformagkh.ru/myhouse?tid=2358750,https://www.reformagkh.ru/myhouse?tid=2358753,
Чеченская Республика,Ножай-Юртовский район,Гилянинская,2358750,2358753,,https://www.reformagkh.ru/myhouse?tid=2358750,https://www.reformagkh.ru/myhouse?tid=2358753,
Чеченская Республика,Ножай-Юртовский район,Балансуйская,2358750,2358753,,https://www.reformagkh.ru/myhouse?tid=2358750,https://www.reformagkh.ru/myhouse?tid=2358753,
Чеченская Республика,Ножай-Юртовский район,Шуанинская,2358750,2358753,,https://www.reformagkh.ru/myhouse?tid=2358750,https://www.reformagkh.ru/myhouse?tid=2358753,
Чеченская Республика,Ножай-Юртовский район,Рогун-Кажайская,2358750,2358753,,https://www.reformagkh.ru/myhouse?tid=2358750,https://www.reformagkh.ru/myhouse?tid=2358753,
Чеченская Республика,Ножай-Юртовский район,Шовхал-Бердийская,2358750,2358753,,https://www.reformagkh.ru/myhouse?tid=2358750,https://www.reformagkh.ru/myhouse?tid=2358753,
Чеченская Республика,Ножай-Юртовский район,Аллероевская,2358750,2358753,,https://www.reformagkh.ru/myhouse?tid=2358750,https://www.reformagkh.ru/myhouse?tid=2358753,
Чеченская Республика,Ножай-Юртовский район,Бенойская,2358750,2358753,,https://www.reformagkh.ru/myhouse?tid=2358750,https://www.reformagkh.ru/myhouse?tid=2358753,
Чеченская Республика,Ножай-Юртовский район,Симсирская,2358750,2358753,,https://www.reformagkh.ru/myhouse?tid=2358750,https://www.reformagkh.ru/myhouse?tid=2358753,
Чеченская Республика,Ножай-Юртовский район,Ножай-Юртовская,2358750,2358753,2361817,https://www.reformagkh.ru/myhouse?tid=2358750,https://www.reformagkh.ru/myhouse?tid=2358753,https://www.reformagkh.ru/myhouse?tid=2361817
Чеченская Республика,Ножай-Юртовский район,Замай-Юртовская,2358750,2358753,,https://www.reformagkh.ru/myhouse?tid=2358750,https://www.reformagkh.ru/myhouse?tid=2358753,
Чеченская Республика,Ножай-Юртовский район,Беной-Веденская,2358750,2358753,,https://www.reformagkh.ru/myhouse?tid=2358750,https://www.reformagkh.ru/myhouse?tid=2358753,
Чеченская Республика,Ножай-Юртовский район,Гендергенская,2358750,2358753,,https://www.reformagkh.ru/myhouse?tid=2358750,https://www.reformagkh.ru/myhouse?tid=2358753,
Чеченская Республика,Гудермесский район,,2358750,2358754,,https://www.reformagkh.ru/myhouse?tid=2358750,https://www.reformagkh.ru/myhouse?tid=2358754,
Чеченская Республика,Гудермесский район,Бельтой-Юртовская,2358750,2358754,,https://www.reformagkh.ru/myhouse?tid=2358750,https://www.reformagkh.ru/myhouse?tid=2358754,
Чеченская Республика,Гудермесский район,Гудермес,2358750,2358754,2361883,https://www.reformagkh.ru/myhouse?tid=2358750,https://www.reformagkh.ru/myhouse?tid=2358754,https://www.reformagkh.ru/myhouse?tid=2361883
Чеченская Республика,Гудермесский район,Дарбанхинская,2358750,2358754,,https://www.reformagkh.ru/myhouse?tid=2358750,https://www.reformagkh.ru/myhouse?tid=2358754,
Чеченская Республика,Гудермесский район,Джалкинская,2358750,2358754,,https://www.reformagkh.ru/myhouse?tid=2358750,https://www.reformagkh.ru/myhouse?tid=2358754,
Чеченская Республика,Гудермесский район,Брагунская,2358750,2358754,,https://www.reformagkh.ru/myhouse?tid=2358750,https://www.reformagkh.ru/myhouse?tid=2358754,
Чеченская Республика,Гудермесский район,Шуанийская,2358750,2358754,,https://www.reformagkh.ru/myhouse?tid=2358750,https://www.reformagkh.ru/myhouse?tid=2358754,
Чеченская Республика,Гудермесский район,Нижне-Нойберская,2358750,2358754,,https://www.reformagkh.ru/myhouse?tid=2358750,https://www.reformagkh.ru/myhouse?tid=2358754,
Чеченская Республика,Гудермесский район,Азамат-Юртовская,2358750,2358754,,https://www.reformagkh.ru/myhouse?tid=2358750,https://www.reformagkh.ru/myhouse?tid=2358754,
Чеченская Республика,Гудермесский район,Комсомольская,2358750,2358754,,https://www.reformagkh.ru/myhouse?tid=2358750,https://www.reformagkh.ru/myhouse?tid=2358754,
Чеченская Республика,Гудермесский район,Герзель-Аульская,2358750,2358754,,https://www.reformagkh.ru/myhouse?tid=2358750,https://www.reformagkh.ru/myhouse?tid=2358754,
Чеченская Республика,Гудермесский район,Кошкельдинская,2358750,2358754,,https://www.reformagkh.ru/myhouse?tid=2358750,https://www.reformagkh.ru/myhouse?tid=2358754,
Чеченская Республика,Гудермесский район,Ново-Энгенойская,2358750,2358754,,https://www.reformagkh.ru/myhouse?tid=2358750,https://www.reformagkh.ru/myhouse?tid=2358754,
Чеченская Республика,Гудермесский район,Верхне-Нойберская,2358750,2358754,,https://www.reformagkh.ru/myhouse?tid=2358750,https://www.reformagkh.ru/myhouse?tid=2358754,
Чеченская Республика,Гудермесский район,Энгель-Юртовская,2358750,2358754,,https://www.reformagkh.ru/myhouse?tid=2358750,https://www.reformagkh.ru/myhouse?tid=2358754,
Чеченская Республика,Гудермесский район,Ишхой-Юртовская,2358750,2358754,,https://www.reformagkh.ru/myhouse?tid=2358750,https://www.reformagkh.ru/myhouse?tid=2358754,
Чеченская Республика,Гудермесский район,Иласхан-Юртовская,2358750,2358754,,https://www.reformagkh.ru/myhouse?tid=2358750,https://www.reformagkh.ru/myhouse?tid=2358754,
Чеченская Республика,Гудермесский район,Ойсхара,2358750,2358754,2361845,https://www.reformagkh.ru/myhouse?tid=2358750,https://www.reformagkh.ru/myhouse?tid=2358754,https://www.reformagkh.ru/myhouse?tid=2361845
Чеченская Республика,Гудермесский район,Гордали-Юртовская,2358750,2358754,,https://www.reformagkh.ru/myhouse?tid=2358750,https://www.reformagkh.ru/myhouse?tid=2358754,
Чеченская Республика,Гудермесский район,Кади-Юртовская,2358750,2358754,,https://www.reformagkh.ru/myhouse?tid=2358750,https://www.reformagkh.ru/myhouse?tid=2358754,
Чеченская Республика,Гудермесский район,Хангиш-Юртовская,2358750,2358754,,https://www.reformagkh.ru/myhouse?tid=2358750,https://www.reformagkh.ru/myhouse?tid=2358754,
Чеченская Республика,Аргун,,2358750,2358767,,https://www.reformagkh.ru/myhouse?tid=2358750,https://www.reformagkh.ru/myhouse?tid=2358767,
Чеченская Республика,Шатойский район,,2358750,2358760,,https://www.reformagkh.ru/myhouse?tid=2358750,https://www.reformagkh.ru/myhouse?tid=2358760,
Чеченская Республика,Шатойский район,Шатойская,2358750,2358760,2361969,https://www.reformagkh.ru/myhouse?tid=2358750,https://www.reformagkh.ru/myhouse?tid=2358760,https://www.reformagkh.ru/myhouse?tid=2361969
Чеченская Республика,Шатойский район,Зоновская,2358750,2358760,,https://www.reformagkh.ru/myhouse?tid=2358750,https://www.reformagkh.ru/myhouse?tid=2358760,
Чеченская Республика,Шатойский район,Борзоевская,2358750,2358760,2361951,https://www.reformagkh.ru/myhouse?tid=2358750,https://www.reformagkh.ru/myhouse?tid=2358760,https://www.reformagkh.ru/myhouse?tid=2361951
Чеченская Республика,Шатойский район,Вашиндароевская,2358750,2358760,2361955,https://www.reformagkh.ru/myhouse?tid=2358750,https://www.reformagkh.ru/myhouse?tid=2358760,https://www.reformagkh.ru/myhouse?tid=2361955
Чеченская Республика,Шатойский район,Нохчи-Келоевская,2358750,2358760,,https://www.reformagkh.ru/myhouse?tid=2358750,https://www.reformagkh.ru/myhouse?tid=2358760,
Чеченская Республика,Шатойский район,Харсенойская,2358750,2358760,,https://www.reformagkh.ru/myhouse?tid=2358750,https://www.reformagkh.ru/myhouse?tid=2358760,
Чеченская Республика,Шатойский район,Даевская,2358750,2358760,,https://www.reformagkh.ru/myhouse?tid=2358750,https://www.reformagkh.ru/myhouse?tid=2358760,
Чеченская Республика,Шатойский район,Хал-Килоевская,2358750,2358760,,https://www.reformagkh.ru/myhouse?tid=2358750,https://www.reformagkh.ru/myhouse?tid=2358760,
Чеченская Республика,Шатойский район,Шаро-Аргунская,2358750,2358760,,https://www.reformagkh.ru/myhouse?tid=2358750,https://www.reformagkh.ru/myhouse?tid=2358760,
Чеченская Республика,Шатойский район,Асланбек-Шериповская,2358750,2358760,,https://www.reformagkh.ru/myhouse?tid=2358750,https://www.reformagkh.ru/myhouse?tid=2358760,
Чеченская Республика,Шатойский район,Саттоевская,2358750,2358760,,https://www.reformagkh.ru/myhouse?tid=2358750,https://www.reformagkh.ru/myhouse?tid=2358760,
Чеченская Республика,Шатойский район,Памятоевская,2358750,2358760,,https://www.reformagkh.ru/myhouse?tid=2358750,https://www.reformagkh.ru/myhouse?tid=2358760,
Чеченская Республика,Шатойский район,Улус-Кертовская,2358750,2358760,,https://www.reformagkh.ru/myhouse?tid=2358750,https://www.reformagkh.ru/myhouse?tid=2358760,
Чеченская Республика,Шатойский район,Нихалойская,2358750,2358760,,https://www.reformagkh.ru/myhouse?tid=2358750,https://www.reformagkh.ru/myhouse?tid=2358760,
Чеченская Республика,Шатойский район,Больше-Варандинская,2358750,2358760,,https://www.reformagkh.ru/myhouse?tid=2358750,https://www.reformagkh.ru/myhouse?tid=2358760,
Чеченская Республика,Урус-Мартановский район,,2358750,2358764,,https://www.reformagkh.ru/myhouse?tid=2358750,https://www.reformagkh.ru/myhouse?tid=2358764,
Чеченская Республика,Урус-Мартановский район,Алхан-Юртовская,2358750,2358764,2362009,https://www.reformagkh.ru/myhouse?tid=2358750,https://www.reformagkh.ru/myhouse?tid=2358764,https://www.reformagkh.ru/myhouse?tid=2362009
Чеченская Республика,Урус-Мартановский район,Шалажинская,2358750,2358764,,https://www.reformagkh.ru/myhouse?tid=2358750,https://www.reformagkh.ru/myhouse?tid=2358764,
Чеченская Республика,Урус-Мартановский район,Гойтинская,2358750,2358764,,https://www.reformagkh.ru/myhouse?tid=2358750,https://www.reformagkh.ru/myhouse?tid=2358764,
Чеченская Республика,Урус-Мартановский район,Гехинская,2358750,2358764,,https://www.reformagkh.ru/myhouse?tid=2358750,https://www.reformagkh.ru/myhouse?tid=2358764,
Чеченская Республика,Урус-Мартановский район,Алхазуровская,2358750,2358764,,https://www.reformagkh.ru/myhouse?tid=2358750,https://www.reformagkh.ru/myhouse?tid=2358764,
Чеченская Республика,Урус-Мартановский район,Гехи-Чуйская,2358750,2358764,,https://www.reformagkh.ru/myhouse?tid=2358750,https://www.reformagkh.ru/myhouse?tid=2358764,
Чеченская Республика,Урус-Мартановский район,Мартан-Чуйская,2358750,2358764,,https://www.reformagkh.ru/myhouse?tid=2358750,https://www.reformagkh.ru/myhouse?tid=2358764,
Чеченская Республика,Урус-Мартановский район,Рошни-Чуйская,2358750,2358764,,https://www.reformagkh.ru/myhouse?tid=2358750,https://www.reformagkh.ru/myhouse?tid=2358764,
Чеченская Республика,Урус-Мартановский район,Танги-Чуйская,2358750,2358764,,https://www.reformagkh.ru/myhouse?tid=2358750,https://www.reformagkh.ru/myhouse?tid=2358764,
Чеченская Республика,Урус-Мартановский район,Урус-Мартан,2358750,2358764,2362006,https://www.reformagkh.ru/myhouse?tid=2358750,https://www.reformagkh.ru/myhouse?tid=2358764,https://www.reformagkh.ru/myhouse?tid=2362006
Чеченская Республика,Веденский район,,2358750,2358756,,https://www.reformagkh.ru/myhouse?tid=2358750,https://www.reformagkh.ru/myhouse?tid=2358756,
Чеченская Республика,Веденский район,Даргинская,2358750,2358756,,https://www.reformagkh.ru/myhouse?tid=2358750,https://www.reformagkh.ru/myhouse?tid=2358756,
Чеченская Республика,Веденский район,Ца-Веденская,2358750,2358756,,https://www.reformagkh.ru/myhouse?tid=2358750,https://www.reformagkh.ru/myhouse?tid=2358756,
Чеченская Республика,Веденский район,Макажойская,2358750,2358756,,https://www.reformagkh.ru/myhouse?tid=2358750,https://www.reformagkh.ru/myhouse?tid=2358756,
Чеченская Республика,Веденский район,Курчалинская,2358750,2358756,,https://www.reformagkh.ru/myhouse?tid=2358750,https://www.reformagkh.ru/myhouse?tid=2358756,
Чеченская Республика,Веденский район,Белгатойская,2358750,2358756,,https://www.reformagkh.ru/myhouse?tid=2358750,https://www.reformagkh.ru/myhouse?tid=2358756,
Чеченская Республика,Веденский район,Сельментаузенская,2358750,2358756,,https://www.reformagkh.ru/myhouse?tid=2358750,https://www.reformagkh.ru/myhouse?tid=2358756,
Чеченская Республика,Веденский район,Элистанжинская,2358750,2358756,,https://www.reformagkh.ru/myhouse?tid=2358750,https://www.reformagkh.ru/myhouse?tid=2358756,
Чеченская Республика,Веденский район,Эрсенойская,2358750,2358756,,https://www.reformagkh.ru/myhouse?tid=2358750,https://www.reformagkh.ru/myhouse?tid=2358756,
Чеченская Республика,Веденский район,Дышне-Веденская,2358750,2358756,2361602,https://www.reformagkh.ru/myhouse?tid=2358750,https://www.reformagkh.ru/myhouse?tid=2358756,https://www.reformagkh.ru/myhouse?tid=2361602
Чеченская Республика,Веденский район,Тазен-Калинская,2358750,2358756,,https://www.reformagkh.ru/myhouse?tid=2358750,https://www.reformagkh.ru/myhouse?tid=2358756,
Чеченская Республика,Веденский район,Агишбатойская,2358750,2358756,,https://www.reformagkh.ru/myhouse?tid=2358750,https://www.reformagkh.ru/myhouse?tid=2358756,
Чеченская Республика,Веденский район,Бенойская,2358750,2358756,,https://www.reformagkh.ru/myhouse?tid=2358750,https://www.reformagkh.ru/myhouse?tid=2358756,
Чеченская Республика,Веденский район,Гунийская,2358750,2358756,,https://www.reformagkh.ru/myhouse?tid=2358750,https://www.reformagkh.ru/myhouse?tid=2358756,
Чеченская Республика,Веденский район,Хатунинская,2358750,2358756,,https://www.reformagkh.ru/myhouse?tid=2358750,https://www.reformagkh.ru/myhouse?tid=2358756,
Чеченская Республика,Веденский район,Махкетынская,2358750,2358756,,https://www.reformagkh.ru/myhouse?tid=2358750,https://www.reformagkh.ru/myhouse?tid=2358756,
Чеченская Республика,Веденский район,Тевзанская,2358750,2358756,,https://www.reformagkh.ru/myhouse?tid=2358750,https://www.reformagkh.ru/myhouse?tid=2358756,
Чеченская Республика,Грозненский район,,2358750,2358757,,https://www.reformagkh.ru/myhouse?tid=2358750,https://www.reformagkh.ru/myhouse?tid=2358757,
Чеченская Республика,Грозненский район,Куларинская,2358750,2358757,,https://www.reformagkh.ru/myhouse?tid=2358750,https://www.reformagkh.ru/myhouse?tid=2358757,
Чеченская Республика,Грозненский район,Кень-Юртовская,2358750,2358757,,https://www.reformagkh.ru/myhouse?tid=2358750,https://www.reformagkh.ru/myhouse?tid=2358757,
Чеченская Республика,Грозненский район,Беркат-Юртовская,2358750,2358757,,https://www.reformagkh.ru/myhouse?tid=2358750,https://www.reformagkh.ru/myhouse?tid=2358757,
Чеченская Республика,Грозненский район,Ново-Центороевская,2358750,2358757,,https://www.reformagkh.ru/myhouse?tid=2358750,https://www.reformagkh.ru/myhouse?tid=2358757,
Чеченская Республика,Грозненский район,Гикаловская,2358750,2358757,2361656,https://www.reformagkh.ru/myhouse?tid=2358750,https://www.reformagkh.ru/myhouse?tid=2358757,https://www.reformagkh.ru/myhouse?tid=2361656
Чеченская Республика,Грозненский район,Старосунженская,2358750,2358757,,https://www.reformagkh.ru/myhouse?tid=2358750,https://www.reformagkh.ru/myhouse?tid=2358757,
Чеченская Республика,Грозненский район,Староатагинская,2358750,2358757,,https://www.reformagkh.ru/myhouse?tid=2358750,https://www.reformagkh.ru/myhouse?tid=2358757,
Чеченская Республика,Грозненский район,Толстой-Юртовская,2358750,2358757,,https://www.reformagkh.ru/myhouse?tid=2358750,https://www.reformagkh.ru/myhouse?tid=2358757,
Чеченская Республика,Грозненский район,Виноградовская,2358750,2358757,,https://www.reformagkh.ru/myhouse?tid=2358750,https://www.reformagkh.ru/myhouse?tid=2358757,
Чеченская Республика,Грозненский район,Пролетарская,2358750,2358757,,https://www.reformagkh.ru/myhouse?tid=2358750,https://www.reformagkh.ru/myhouse?tid=2358757,
Чеченская Республика,Грозненский район,Дачу-Борзоевская,2358750,2358757,,https://www.reformagkh.ru/myhouse?tid=2358750,https://www.reformagkh.ru/myhouse?tid=2358757,
Чеченская Республика,Грозненский район,Алхан-Чуртская,2358750,2358757,,https://www.reformagkh.ru/myhouse?tid=2358750,https://www.reformagkh.ru/myhouse?tid=2358757,
Чеченская Республика,Грозненский район,Лаха-Варандинская,2358750,2358757,,https://www.reformagkh.ru/myhouse?tid=2358750,https://www.reformagkh.ru/myhouse?tid=2358757,
Чеченская Республика,Грозненский район,Ильинская,2358750,2358757,,https://www.reformagkh.ru/myhouse?tid=2358750,https://www.reformagkh.ru/myhouse?tid=2358757,
Чеченская Республика,Грозненский район,Первомайская,2358750,2358757,,https://www.reformagkh.ru/myhouse?tid=2358750,https://www.reformagkh.ru/myhouse?tid=2358757,
Чеченская Республика,Грозненский район,Пригородненская,2358750,2358757,,https://www.reformagkh.ru/myhouse?tid=2358750,https://www.reformagkh.ru/myhouse?tid=2358757,
Чеченская Республика,Грозненский район,Чечен-Аульская,2358750,2358757,,https://www.reformagkh.ru/myhouse?tid=2358750,https://www.reformagkh.ru/myhouse?tid=2358757,
Чеченская Республика,Грозненский район,Побединская,2358750,2358757,,https://www.reformagkh.ru/myhouse?tid=2358750,https://www.reformagkh.ru/myhouse?tid=2358757,
Чеченская Республика,Грозненский район,Чишкинская,2358750,2358757,,https://www.reformagkh.ru/myhouse?tid=2358750,https://www.reformagkh.ru/myhouse?tid=2358757,
Чеченская Республика,Грозненский район,Комсомольская,2358750,2358757,2361665,https://www.reformagkh.ru/myhouse?tid=2358750,https://www.reformagkh.ru/myhouse?tid=2358757,https://www.reformagkh.ru/myhouse?tid=2361665
Чеченская Республика,Грозненский район,Алхан-Калинская,2358750,2358757,,https://www.reformagkh.ru/myhouse?tid=2358750,https://www.reformagkh.ru/myhouse?tid=2358757,
Чеченская Республика,Грозненский район,Петропавловская,2358750,2358757,,https://www.reformagkh.ru/myhouse?tid=2358750,https://www.reformagkh.ru/myhouse?tid=2358757,
Чеченская Республика,Грозненский район,Терская,2358750,2358757,,https://www.reformagkh.ru/myhouse?tid=2358750,https://www.reformagkh.ru/myhouse?tid=2358757,
Чеченская Республика,Грозненский район,Октябрьская,2358750,2358757,,https://www.reformagkh.ru/myhouse?tid=2358750,https://www.reformagkh.ru/myhouse?tid=2358757,
Чеченская Республика,Курчалоевский район,,2358750,2358759,,https://www.reformagkh.ru/myhouse?tid=2358750,https://www.reformagkh.ru/myhouse?tid=2358759,
Чеченская Республика,Курчалоевский район,Джигуртинская,2358750,2358759,,https://www.reformagkh.ru/myhouse?tid=2358750,https://www.reformagkh.ru/myhouse?tid=2358759,
Чеченская Республика,Курчалоевский район,Регитинская,2358750,2358759,,https://www.reformagkh.ru/myhouse?tid=2358750,https://www.reformagkh.ru/myhouse?tid=2358759,
Чеченская Республика,Курчалоевский район,Хиди-Хуторская,2358750,2358759,,https://www.reformagkh.ru/myhouse?tid=2358750,https://www.reformagkh.ru/myhouse?tid=2358759,
Чеченская Республика,Курчалоевский район,Бачи-Юртовская,2358750,2358759,,https://www.reformagkh.ru/myhouse?tid=2358750,https://www.reformagkh.ru/myhouse?tid=2358759,
Чеченская Республика,Курчалоевский район,Ахкинчу-Борзоевская,2358750,2358759,,https://www.reformagkh.ru/myhouse?tid=2358750,https://www.reformagkh.ru/myhouse?tid=2358759,
Чеченская Республика,Курчалоевский район,Эникалинская,2358750,2358759,,https://www.reformagkh.ru/myhouse?tid=2358750,https://www.reformagkh.ru/myhouse?tid=2358759,
Чеченская Республика,Курчалоевский район,Ялхой-Мохкская,2358750,2358759,,https://www.reformagkh.ru/myhouse?tid=2358750,https://www.reformagkh.ru/myhouse?tid=2358759,
Чеченская Республика,Курчалоевский район,Аллероевская,2358750,2358759,,https://www.reformagkh.ru/myhouse?tid=2358750,https://www.reformagkh.ru/myhouse?tid=2358759,
Чеченская Республика,Курчалоевский район,Майртупская,2358750,2358759,,https://www.reformagkh.ru/myhouse?tid=2358750,https://www.reformagkh.ru/myhouse?tid=2358759,
Чеченская Республика,Курчалоевский район,Гелдаганская,2358750,2358759,,https://www.reformagkh.ru/myhouse?tid=2358750,https://www.reformagkh.ru/myhouse?tid=2358759,
Чеченская Республика,Курчалоевский район,Цоцин-Юртовская,2358750,2358759,,https://www.reformagkh.ru/myhouse?tid=2358750,https://www.reformagkh.ru/myhouse?tid=2358759,
Чеченская Республика,Курчалоевский район,Курчалоевская,2358750,2358759,2361927,https://www.reformagkh.ru/myhouse?tid=2358750,https://www.reformagkh.ru/myhouse?tid=2358759,https://www.reformagkh.ru/myhouse?tid=2361927
Чеченская Республика,Шалинский район,,2358750,2358751,,https://www.reformagkh.ru/myhouse?tid=2358750,https://www.reformagkh.ru/myhouse?tid=2358751,
Чеченская Республика,Шалинский район,Мескер-Юртовская,2358750,2358751,,https://www.reformagkh.ru/myhouse?tid=2358750,https://www.reformagkh.ru/myhouse?tid=2358751,
Чеченская Республика,Шалинский район,Герменчукская,2358750,2358751,,https://www.reformagkh.ru/myhouse?tid=2358750,https://www.reformagkh.ru/myhouse?tid=2358751,
Чеченская Республика,Шалинский район,Чири-Юрт,2358750,2358751,2362017,https://www.reformagkh.ru/myhouse?tid=2358750,https://www.reformagkh.ru/myhouse?tid=2358751,https://www.reformagkh.ru/myhouse?tid=2362017
Чеченская Республика,Шалинский район,Дуба-Юртовская,2358750,2358751,,https://www.reformagkh.ru/myhouse?tid=2358750,https://www.reformagkh.ru/myhouse?tid=2358751,
Чеченская Республика,Шалинский район,Автуринская,2358750,2358751,,https://www.reformagkh.ru/myhouse?tid=2358750,https://www.reformagkh.ru/myhouse?tid=2358751,
Чеченская Республика,Шалинский район,Сержень-Юртовская,2358750,2358751,,https://www.reformagkh.ru/myhouse?tid=2358750,https://www.reformagkh.ru/myhouse?tid=2358751,
Чеченская Республика,Шалинский район,Новоатагинская,2358750,2358751,,https://www.reformagkh.ru/myhouse?tid=2358750,https://www.reformagkh.ru/myhouse?tid=2358751,
Чеченская Республика,Шалинский район,Агиштынская,2358750,2358751,,https://www.reformagkh.ru/myhouse?tid=2358750,https://www.reformagkh.ru/myhouse?tid=2358751,
Чеченская Республика,Шалинский район,Шали,2358750,2358751,2362016,https://www.reformagkh.ru/myhouse?tid=2358750,https://www.reformagkh.ru/myhouse?tid=2358751,https://www.reformagkh.ru/myhouse?tid=2362016
Чеченская Республика,Грозный,,2358750,2358766,,https://www.reformagkh.ru/myhouse?tid=2358750,https://www.reformagkh.ru/myhouse?tid=2358766,
Чеченская Республика,Шелковской район,,2358750,2358752,,https://www.reformagkh.ru/myhouse?tid=2358750,https://www.reformagkh.ru/myhouse?tid=2358752,
Чеченская Республика,Шелковской район,Каршыга-Аульская,2358750,2358752,,https://www.reformagkh.ru/myhouse?tid=2358750,https://www.reformagkh.ru/myhouse?tid=2358752,
Чеченская Республика,Шелковской район,Новощедринская,2358750,2358752,,https://www.reformagkh.ru/myhouse?tid=2358750,https://www.reformagkh.ru/myhouse?tid=2358752,
Чеченская Республика,Шелковской район,Шелкозаводская,2358750,2358752,2362069,https://www.reformagkh.ru/myhouse?tid=2358750,https://www.reformagkh.ru/myhouse?tid=2358752,https://www.reformagkh.ru/myhouse?tid=2362069
Чеченская Республика,Шелковской район,Шелковская,2358750,2358752,2362067,https://www.reformagkh.ru/myhouse?tid=2358750,https://www.reformagkh.ru/myhouse?tid=2358752,https://www.reformagkh.ru/myhouse?tid=2362067
Чеченская Республика,Шелковской район,Старогладовская,2358750,2358752,2362059,https://www.reformagkh.ru/myhouse?tid=2358750,https://www.reformagkh.ru/myhouse?tid=2358752,https://www.reformagkh.ru/myhouse?tid=2362059
Чеченская Республика,Шелковской район,Бороздиновская,2358750,2358752,,https://www.reformagkh.ru/myhouse?tid=2358750,https://www.reformagkh.ru/myhouse?tid=2358752,
Чеченская Республика,Шелковской район,Гребенская,2358750,2358752,2362041,https://www.reformagkh.ru/myhouse?tid=2358750,https://www.reformagkh.ru/myhouse?tid=2358752,https://www.reformagkh.ru/myhouse?tid=2362041
Чеченская Республика,Шелковской район,Кобинская,2358750,2358752,,https://www.reformagkh.ru/myhouse?tid=2358750,https://www.reformagkh.ru/myhouse?tid=2358752,
Чеченская Республика,Шелковской район,Сары-Суйская,2358750,2358752,,https://www.reformagkh.ru/myhouse?tid=2358750,https://www.reformagkh.ru/myhouse?tid=2358752,
Чеченская Республика,Шелковской район,Воскресенская,2358750,2358752,2362039,https://www.reformagkh.ru/myhouse?tid=2358750,https://www.reformagkh.ru/myhouse?tid=2358752,https://www.reformagkh.ru/myhouse?tid=2362039
Чеченская Республика,Шелковской район,Курдюковская,2358750,2358752,,https://www.reformagkh.ru/myhouse?tid=2358750,https://www.reformagkh.ru/myhouse?tid=2358752,
Чеченская Республика,Шелковской район,Бурунская,2358750,2358752,,https://www.reformagkh.ru/myhouse?tid=2358750,https://www.reformagkh.ru/myhouse?tid=2358752,
Чеченская Республика,Шелковской район,Червленно-Узловая,2358750,2358752,2362045,https://www.reformagkh.ru/myhouse?tid=2358750,https://www.reformagkh.ru/myhouse?tid=2358752,https://www.reformagkh.ru/myhouse?tid=2362045
Чеченская Республика,Шелковской район,Старощедринская,2358750,2358752,,https://www.reformagkh.ru/myhouse?tid=2358750,https://www.reformagkh.ru/myhouse?tid=2358752,
Чеченская Республика,Шелковской район,Харьковская,2358750,2358752,2362063,https://www.reformagkh.ru/myhouse?tid=2358750,https://www.reformagkh.ru/myhouse?tid=2358752,https://www.reformagkh.ru/myhouse?tid=2362063
Чеченская Республика,Шелковской район,Дубовская,2358750,2358752,2362043,https://www.reformagkh.ru/myhouse?tid=2358750,https://www.reformagkh.ru/myhouse?tid=2358752,https://www.reformagkh.ru/myhouse?tid=2362043
Чеченская Республика,Шелковской район,Червленская,2358750,2358752,2362065,https://www.reformagkh.ru/myhouse?tid=2358750,https://www.reformagkh.ru/myhouse?tid=2358752,https://www.reformagkh.ru/myhouse?tid=2362065
Чеченская Республика,Наурский район,,2358750,2358762,,https://www.reformagkh.ru/myhouse?tid=2358750,https://www.reformagkh.ru/myhouse?tid=2358762,
Чеченская Республика,Наурский район,Мекенская,2358750,2358762,2361755,https://www.reformagkh.ru/myhouse?tid=2358750,https://www.reformagkh.ru/myhouse?tid=2358762,https://www.reformagkh.ru/myhouse?tid=2361755
Чеченская Республика,Наурский район,Наурская,2358750,2358762,2361760,https://www.reformagkh.ru/myhouse?tid=2358750,https://www.reformagkh.ru/myhouse?tid=2358762,https://www.reformagkh.ru/myhouse?tid=2361760
Чеченская Республика,Наурский район,Рубежненская,2358750,2358762,,https://www.reformagkh.ru/myhouse?tid=2358750,https://www.reformagkh.ru/myhouse?tid=2358762,
Чеченская Республика,Наурский район,Ульяновская,2358750,2358762,,https://www.reformagkh.ru/myhouse?tid=2358750,https://www.reformagkh.ru/myhouse?tid=2358762,
Чеченская Республика,Наурский район,Чернокозовская,2358750,2358762,2361742,https://www.reformagkh.ru/myhouse?tid=2358750,https://www.reformagkh.ru/myhouse?tid=2358762,https://www.reformagkh.ru/myhouse?tid=2361742
Чеченская Республика,Наурский район,Алпатовская,2358750,2358762,2361771,https://www.reformagkh.ru/myhouse?tid=2358750,https://www.reformagkh.ru/myhouse?tid=2358762,https://www.reformagkh.ru/myhouse?tid=2361771
Чеченская Республика,Наурский район,Савельевская,2358750,2358762,,https://www.reformagkh.ru/myhouse?tid=2358750,https://www.reformagkh.ru/myhouse?tid=2358762,
Чеченская Республика,Наурский район,Новотерское,2358750,2358762,2399636,https://www.reformagkh.ru/myhouse?tid=2358750,https://www.reformagkh.ru/myhouse?tid=2358762,https://www.reformagkh.ru/myhouse?tid=2399636
Чеченская Республика,Наурский район,Ищерская,2358750,2358762,2361738,https://www.reformagkh.ru/myhouse?tid=2358750,https://www.reformagkh.ru/myhouse?tid=2358762,https://www.reformagkh.ru/myhouse?tid=2361738
Чеченская Республика,Наурский район,Левобережненская,2358750,2358762,2361750,https://www.reformagkh.ru/myhouse?tid=2358750,https://www.reformagkh.ru/myhouse?tid=2358762,https://www.reformagkh.ru/myhouse?tid=2361750
Чеченская Республика,Наурский район,Новосолкушинская,2358750,2358762,2361753,https://www.reformagkh.ru/myhouse?tid=2358750,https://www.reformagkh.ru/myhouse?tid=2358762,https://www.reformagkh.ru/myhouse?tid=2361753
Чеченская Республика,Наурский район,Калиновская,2358750,2358762,2361745,https://www.reformagkh.ru/myhouse?tid=2358750,https://www.reformagkh.ru/myhouse?tid=2358762,https://www.reformagkh.ru/myhouse?tid=2361745
Чеченская Республика,Наурский район,Николаевская,2358750,2358762,2361762,https://www.reformagkh.ru/myhouse?tid=2358750,https://www.reformagkh.ru/myhouse?tid=2358762,https://www.reformagkh.ru/myhouse?tid=2361762
Чеченская Республика,Сунженский район,,2358750,2358763,,https://www.reformagkh.ru/myhouse?tid=2358750,https://www.reformagkh.ru/myhouse?tid=2358763,
Чеченская Республика,Сунженский район,Серноводская,2358750,2358763,2361994,https://www.reformagkh.ru/myhouse?tid=2358750,https://www.reformagkh.ru/myhouse?tid=2358763,https://www.reformagkh.ru/myhouse?tid=2361994
Чеченская Республика,Сунженский район,Ассиновская,2358750,2358763,,https://www.reformagkh.ru/myhouse?tid=2358750,https://www.reformagkh.ru/myhouse?tid=2358763,
Чеченская Республика,Надтеречный район,,2358750,2358761,,https://www.reformagkh.ru/myhouse?tid=2358750,https://www.reformagkh.ru/myhouse?tid=2358761,
Чеченская Республика,Надтеречный район,Подгорненская,2358750,2358761,,https://www.reformagkh.ru/myhouse?tid=2358750,https://www.reformagkh.ru/myhouse?tid=2358761,
Чеченская Республика,Надтеречный район,Надтеречная,2358750,2358761,,https://www.reformagkh.ru/myhouse?tid=2358750,https://www.reformagkh.ru/myhouse?tid=2358761,
Чеченская Республика,Надтеречный район,Мекен-Юртовская,2358750,2358761,,https://www.reformagkh.ru/myhouse?tid=2358750,https://www.reformagkh.ru/myhouse?tid=2358761,
Чеченская Республика,Надтеречный район,Бено-Юртовская,2358750,2358761,,https://www.reformagkh.ru/myhouse?tid=2358750,https://www.reformagkh.ru/myhouse?tid=2358761,
Чеченская Республика,Надтеречный район,Комаровская,2358750,2358761,,https://www.reformagkh.ru/myhouse?tid=2358750,https://www.reformagkh.ru/myhouse?tid=2358761,
Чеченская Республика,Надтеречный район,Зебир-Юртовская,2358750,2358761,,https://www.reformagkh.ru/myhouse?tid=2358750,https://www.reformagkh.ru/myhouse?tid=2358761,
Чеченская Республика,Надтеречный район,Знаменская,2358750,2358761,2361723,https://www.reformagkh.ru/myhouse?tid=2358750,https://www.reformagkh.ru/myhouse?tid=2358761,https://www.reformagkh.ru/myhouse?tid=2361723
Чеченская Республика,Надтеречный район,Братская,2358750,2358761,,https://www.reformagkh.ru/myhouse?tid=2358750,https://www.reformagkh.ru/myhouse?tid=2358761,
Чеченская Республика,Надтеречный район,Верхненаурская,2358750,2358761,,https://www.reformagkh.ru/myhouse?tid=2358750,https://www.reformagkh.ru/myhouse?tid=2358761,
Чеченская Республика,Надтеречный район,Калаусская,2358750,2358761,,https://www.reformagkh.ru/myhouse?tid=2358750,https://www.reformagkh.ru/myhouse?tid=2358761,
Чеченская Республика,Надтеречный район,Горагорск,2358750,2358761,2361714,https://www.reformagkh.ru/myhouse?tid=2358750,https://www.reformagkh.ru/myhouse?tid=2358761,https://www.reformagkh.ru/myhouse?tid=2361714
Чеченская Республика,Ачхой-Мартановский район,,2358750,2358755,,https://www.reformagkh.ru/myhouse?tid=2358750,https://www.reformagkh.ru/myhouse?tid=2358755,
Чеченская Республика,Ачхой-Мартановский район,Катыр-Юртовская,2358750,2358755,,https://www.reformagkh.ru/myhouse?tid=2358750,https://www.reformagkh.ru/myhouse?tid=2358755,
Чеченская Республика,Ачхой-Мартановский район,Старо-Ачхойская,2358750,2358755,,https://www.reformagkh.ru/myhouse?tid=2358750,https://www.reformagkh.ru/myhouse?tid=2358755,
Чеченская Республика,Ачхой-Мартановский район,Закан-Юртовская,2358750,2358755,,https://www.reformagkh.ru/myhouse?tid=2358750,https://www.reformagkh.ru/myhouse?tid=2358755,
Чеченская Республика,Ачхой-Мартановский район,Яндинская,2358750,2358755,,https://www.reformagkh.ru/myhouse?tid=2358750,https://www.reformagkh.ru/myhouse?tid=2358755,
Чеченская Республика,Ачхой-Мартановский район,Валерикская,2358750,2358755,,https://www.reformagkh.ru/myhouse?tid=2358750,https://www.reformagkh.ru/myhouse?tid=2358755,
Чеченская Республика,Ачхой-Мартановский район,Хамби-Ирзейская,2358750,2358755,,https://www.reformagkh.ru/myhouse?tid=2358750,https://www.reformagkh.ru/myhouse?tid=2358755,
Чеченская Республика,Ачхой-Мартановский район,Шаами-Юртовская,2358750,2358755,,https://www.reformagkh.ru/myhouse?tid=2358750,https://www.reformagkh.ru/myhouse?tid=2358755,
Чеченская Республика,Ачхой-Мартановский район,Самашкинская,2358750,2358755,2361594,https://www.reformagkh.ru/myhouse?tid=2358750,https://www.reformagkh.ru/myhouse?tid=2358755,https://www.reformagkh.ru/myhouse?tid=2361594
Чеченская Республика,Ачхой-Мартановский район,Ачхой-Мартановская,2358750,2358755,2361578,https://www.reformagkh.ru/myhouse?tid=2358750,https://www.reformagkh.ru/myhouse?tid=2358755,https://www.reformagkh.ru/myhouse?tid=2361578
Чеченская Республика,Ачхой-Мартановский район,Новошароевская,2358750,2358755,,https://www.reformagkh.ru/myhouse?tid=2358750,https://www.reformagkh.ru/myhouse?tid=2358755,
Чеченская Республика,Ачхой-Мартановский район,Бамутская,2358750,2358755,,https://www.reformagkh.ru/myhouse?tid=2358750,https://www.reformagkh.ru/myhouse?tid=2358755,
Чеченская Республика,Итум-Калинский район,,2358750,,,https://www.reformagkh.ru/myhouse?tid=2358750,,
Чеченская Республика,Шаройский район,,2358750,,,https://www.reformagkh.ru/myhouse?tid=2358750,,
Ульяновская область,,,2331106,,,https://www.reformagkh.ru/myhouse?tid=2331106,,
Ульяновская область,Новомалыклинский муниципальный район,,2331106,2331123,,https://www.reformagkh.ru/myhouse?tid=2331106,https://www.reformagkh.ru/myhouse?tid=2331123,
Ульяновская область,Новомалыклинский муниципальный район,Среднесантимирское,2331106,2331123,,https://www.reformagkh.ru/myhouse?tid=2331106,https://www.reformagkh.ru/myhouse?tid=2331123,
Ульяновская область,Новомалыклинский муниципальный район,Новомалыклинское,2331106,2331123,2331612,https://www.reformagkh.ru/myhouse?tid=2331106,https://www.reformagkh.ru/myhouse?tid=2331123,https://www.reformagkh.ru/myhouse?tid=2331612
Ульяновская область,Новомалыклинский муниципальный район,Новочеремшанское,2331106,2331123,2331613,https://www.reformagkh.ru/myhouse?tid=2331106,https://www.reformagkh.ru/myhouse?tid=2331123,https://www.reformagkh.ru/myhouse?tid=2331613
Ульяновская область,Новомалыклинский муниципальный район,Высококолковское,2331106,2331123,,https://www.reformagkh.ru/myhouse?tid=2331106,https://www.reformagkh.ru/myhouse?tid=2331123,
Ульяновская область,Новомалыклинский муниципальный район,Среднеякушкинское,2331106,2331123,2331615,https://www.reformagkh.ru/myhouse?tid=2331106,https://www.reformagkh.ru/myhouse?tid=2331123,https://www.reformagkh.ru/myhouse?tid=2331615
Ульяновская область,Сенгилеевский муниципальный район,,2331106,2331130,,https://www.reformagkh.ru/myhouse?tid=2331106,https://www.reformagkh.ru/myhouse?tid=2331130,
Ульяновская область,Сенгилеевский муниципальный район,Красногуляевское,2331106,2331130,2331748,https://www.reformagkh.ru/myhouse?tid=2331106,https://www.reformagkh.ru/myhouse?tid=2331130,https://www.reformagkh.ru/myhouse?tid=2331748
Ульяновская область,Сенгилеевский муниципальный район,Новослободское,2331106,2331130,2331745,https://www.reformagkh.ru/myhouse?tid=2331106,https://www.reformagkh.ru/myhouse?tid=2331130,https://www.reformagkh.ru/myhouse?tid=2331745
Ульяновская область,Сенгилеевский муниципальный район,Силикатненское,2331106,2331130,2331749,https://www.reformagkh.ru/myhouse?tid=2331106,https://www.reformagkh.ru/myhouse?tid=2331130,https://www.reformagkh.ru/myhouse?tid=2331749
Ульяновская область,Сенгилеевский муниципальный район,Елаурское,2331106,2331130,,https://www.reformagkh.ru/myhouse?tid=2331106,https://www.reformagkh.ru/myhouse?tid=2331130,
Ульяновская область,Сенгилеевский муниципальный район,Сенгилеевское,2331106,2331130,2331747,https://www.reformagkh.ru/myhouse?tid=2331106,https://www.reformagkh.ru/myhouse?tid=2331130,https://www.reformagkh.ru/myhouse?tid=2331747
Ульяновская область,Сенгилеевский муниципальный район,Тушнинское,2331106,2331130,2331746,https://www.reformagkh.ru/myhouse?tid=2331106,https://www.reformagkh.ru/myhouse?tid=2331130,https://www.reformagkh.ru/myhouse?tid=2331746
Ульяновская область,Город Димитровград,,2331106,2331126,,https://www.reformagkh.ru/myhouse?tid=2331106,https://www.reformagkh.ru/myhouse?tid=2331126,
Ульяновская область,Карсунский муниципальный район,,2331106,2331117,,https://www.reformagkh.ru/myhouse?tid=2331106,https://www.reformagkh.ru/myhouse?tid=2331117,
Ульяновская область,Карсунский муниципальный район,Большепоселковское,2331106,2331117,,https://www.reformagkh.ru/myhouse?tid=2331106,https://www.reformagkh.ru/myhouse?tid=2331117,
Ульяновская область,Карсунский муниципальный район,Карсунское,2331106,2331117,2331338,https://www.reformagkh.ru/myhouse?tid=2331106,https://www.reformagkh.ru/myhouse?tid=2331117,https://www.reformagkh.ru/myhouse?tid=2331338
Ульяновская область,Карсунский муниципальный район,Вальдиватское,2331106,2331117,,https://www.reformagkh.ru/myhouse?tid=2331106,https://www.reformagkh.ru/myhouse?tid=2331117,
Ульяновская область,Карсунский муниципальный район,Новопогореловское,2331106,2331117,,https://www.reformagkh.ru/myhouse?tid=2331106,https://www.reformagkh.ru/myhouse?tid=2331117,
Ульяновская область,Карсунский муниципальный район,Языковское,2331106,2331117,2331339,https://www.reformagkh.ru/myhouse?tid=2331106,https://www.reformagkh.ru/myhouse?tid=2331117,https://www.reformagkh.ru/myhouse?tid=2331339
Ульяновская область,Карсунский муниципальный район,Горенское,2331106,2331117,,https://www.reformagkh.ru/myhouse?tid=2331106,https://www.reformagkh.ru/myhouse?tid=2331117,
Ульяновская область,Карсунский муниципальный район,Урено-Карлинское,2331106,2331117,,https://www.reformagkh.ru/myhouse?tid=2331106,https://www.reformagkh.ru/myhouse?tid=2331117,
Ульяновская область,Карсунский муниципальный район,Сосновское,2331106,2331117,,https://www.reformagkh.ru/myhouse?tid=2331106,https://www.reformagkh.ru/myhouse?tid=2331117,
Ульяновская область,Майнский муниципальный район,,2331106,2331120,,https://www.reformagkh.ru/myhouse?tid=2331106,https://www.reformagkh.ru/myhouse?tid=2331120,
Ульяновская область,Майнский муниципальный район,Игнатовское,2331106,2331120,2331435,https://www.reformagkh.ru/myhouse?tid=2331106,https://www.reformagkh.ru/myhouse?tid=2331120,https://www.reformagkh.ru/myhouse?tid=2331435
Ульяновская область,Майнский муниципальный район,Анненковское,2331106,2331120,,https://www.reformagkh.ru/myhouse?tid=2331106,https://www.reformagkh.ru/myhouse?tid=2331120,
Ульяновская область,Майнский муниципальный район,Старомаклаушинское,2331106,2331120,,https://www.reformagkh.ru/myhouse?tid=2331106,https://www.reformagkh.ru/myhouse?tid=2331120,
Ульяновская область,Майнский муниципальный район,Тагайское,2331106,2331120,2331440,https://www.reformagkh.ru/myhouse?tid=2331106,https://www.reformagkh.ru/myhouse?tid=2331120,https://www.reformagkh.ru/myhouse?tid=2331440
Ульяновская область,Майнский муниципальный район,Выровское,2331106,2331120,,https://www.reformagkh.ru/myhouse?tid=2331106,https://www.reformagkh.ru/myhouse?tid=2331120,
Ульяновская область,Майнский муниципальный район,Майнское,2331106,2331120,2331434,https://www.reformagkh.ru/myhouse?tid=2331106,https://www.reformagkh.ru/myhouse?tid=2331120,https://www.reformagkh.ru/myhouse?tid=2331434
Ульяновская область,Майнский муниципальный район,Гимовское,2331106,2331120,,https://www.reformagkh.ru/myhouse?tid=2331106,https://www.reformagkh.ru/myhouse?tid=2331120,
Ульяновская область,Барышский муниципальный район,,2331106,2331111,,https://www.reformagkh.ru/myhouse?tid=2331106,https://www.reformagkh.ru/myhouse?tid=2331111,
Ульяновская область,Барышский муниципальный район,Измайловское,2331106,2331111,2331164,https://www.reformagkh.ru/myhouse?tid=2331106,https://www.reformagkh.ru/myhouse?tid=2331111,https://www.reformagkh.ru/myhouse?tid=2331164
Ульяновская область,Барышский муниципальный район,Барышское,2331106,2331111,2371594,https://www.reformagkh.ru/myhouse?tid=2331106,https://www.reformagkh.ru/myhouse?tid=2331111,https://www.reformagkh.ru/myhouse?tid=2371594
Ульяновская область,Барышский муниципальный район,Жадовское,2331106,2331111,2331163,https://www.reformagkh.ru/myhouse?tid=2331106,https://www.reformagkh.ru/myhouse?tid=2331111,https://www.reformagkh.ru/myhouse?tid=2331163
Ульяновская область,Барышский муниципальный район,Живайкинское,2331106,2331111,2331167,https://www.reformagkh.ru/myhouse?tid=2331106,https://www.reformagkh.ru/myhouse?tid=2331111,https://www.reformagkh.ru/myhouse?tid=2331167
Ульяновская область,Барышский муниципальный район,Ленинское,2331106,2331111,2331165,https://www.reformagkh.ru/myhouse?tid=2331106,https://www.reformagkh.ru/myhouse?tid=2331111,https://www.reformagkh.ru/myhouse?tid=2331165
Ульяновская область,Барышский муниципальный район,Поливановское,2331106,2331111,,https://www.reformagkh.ru/myhouse?tid=2331106,https://www.reformagkh.ru/myhouse?tid=2331111,
Ульяновская область,Барышский муниципальный район,Малохомутерское,2331106,2331111,2331169,https://www.reformagkh.ru/myhouse?tid=2331106,https://www.reformagkh.ru/myhouse?tid=2331111,https://www.reformagkh.ru/myhouse?tid=2331169
Ульяновская область,Барышский муниципальный район,Земляничненское,2331106,2331111,2331168,https://www.reformagkh.ru/myhouse?tid=2331106,https://www.reformagkh.ru/myhouse?tid=2331111,https://www.reformagkh.ru/myhouse?tid=2331168
Ульяновская область,Барышский муниципальный район,Старотимошкинское,2331106,2331111,2331166,https://www.reformagkh.ru/myhouse?tid=2331106,https://www.reformagkh.ru/myhouse?tid=2331111,https://www.reformagkh.ru/myhouse?tid=2331166
Ульяновская область,Николаевский муниципальный район,,2331106,2331122,,https://www.reformagkh.ru/myhouse?tid=2331106,https://www.reformagkh.ru/myhouse?tid=2331122,
Ульяновская область,Николаевский муниципальный район,Сухотерешанское,2331106,2331122,,https://www.reformagkh.ru/myhouse?tid=2331106,https://www.reformagkh.ru/myhouse?tid=2331122,
Ульяновская область,Николаевский муниципальный район,Канадейское,2331106,2331122,,https://www.reformagkh.ru/myhouse?tid=2331106,https://www.reformagkh.ru/myhouse?tid=2331122,
Ульяновская область,Николаевский муниципальный район,Поспеловское,2331106,2331122,,https://www.reformagkh.ru/myhouse?tid=2331106,https://www.reformagkh.ru/myhouse?tid=2331122,
Ульяновская область,Николаевский муниципальный район,Головинское,2331106,2331122,,https://www.reformagkh.ru/myhouse?tid=2331106,https://www.reformagkh.ru/myhouse?tid=2331122,
Ульяновская область,Николаевский муниципальный район,Славкинское,2331106,2331122,,https://www.reformagkh.ru/myhouse?tid=2331106,https://www.reformagkh.ru/myhouse?tid=2331122,
Ульяновская область,Николаевский муниципальный район,Никулинское,2331106,2331122,,https://www.reformagkh.ru/myhouse?tid=2331106,https://www.reformagkh.ru/myhouse?tid=2331122,
Ульяновская область,Николаевский муниципальный район,Дубровское,2331106,2331122,,https://www.reformagkh.ru/myhouse?tid=2331106,https://www.reformagkh.ru/myhouse?tid=2331122,
Ульяновская область,Николаевский муниципальный район,Барановское,2331106,2331122,,https://www.reformagkh.ru/myhouse?tid=2331106,https://www.reformagkh.ru/myhouse?tid=2331122,
Ульяновская область,Николаевский муниципальный район,Николаевское,2331106,2331122,2331553,https://www.reformagkh.ru/myhouse?tid=2331106,https://www.reformagkh.ru/myhouse?tid=2331122,https://www.reformagkh.ru/myhouse?tid=2331553
Ульяновская область,Чердаклинский муниципальный район,,2331106,2331119,,https://www.reformagkh.ru/myhouse?tid=2331106,https://www.reformagkh.ru/myhouse?tid=2331119,
Ульяновская область,Чердаклинский муниципальный район,Белоярское,2331106,2331119,,https://www.reformagkh.ru/myhouse?tid=2331106,https://www.reformagkh.ru/myhouse?tid=2331119,
Ульяновская область,Чердаклинский муниципальный район,Мирновское,2331106,2331119,2332054,https://www.reformagkh.ru/myhouse?tid=2331106,https://www.reformagkh.ru/myhouse?tid=2331119,https://www.reformagkh.ru/myhouse?tid=2332054
Ульяновская область,Чердаклинский муниципальный район,Озерское,2331106,2331119,2332055,https://www.reformagkh.ru/myhouse?tid=2331106,https://www.reformagkh.ru/myhouse?tid=2331119,https://www.reformagkh.ru/myhouse?tid=2332055
Ульяновская область,Чердаклинский муниципальный район,Октябрьское,2331106,2331119,2371754,https://www.reformagkh.ru/myhouse?tid=2331106,https://www.reformagkh.ru/myhouse?tid=2331119,https://www.reformagkh.ru/myhouse?tid=2371754
Ульяновская область,Чердаклинский муниципальный район,Крестовогородищенское,2331106,2331119,,https://www.reformagkh.ru/myhouse?tid=2331106,https://www.reformagkh.ru/myhouse?tid=2331119,
Ульяновская область,Чердаклинский муниципальный район,Богдашкинское,2331106,2331119,,https://www.reformagkh.ru/myhouse?tid=2331106,https://www.reformagkh.ru/myhouse?tid=2331119,
Ульяновская область,Чердаклинский муниципальный район,Бряндинское,2331106,2331119,,https://www.reformagkh.ru/myhouse?tid=2331106,https://www.reformagkh.ru/myhouse?tid=2331119,
Ульяновская область,Чердаклинский муниципальный район,Чердаклинское,2331106,2331119,2332047,https://www.reformagkh.ru/myhouse?tid=2331106,https://www.reformagkh.ru/myhouse?tid=2331119,https://www.reformagkh.ru/myhouse?tid=2332047
Ульяновская область,Чердаклинский муниципальный район,Калмаюрское,2331106,2331119,,https://www.reformagkh.ru/myhouse?tid=2331106,https://www.reformagkh.ru/myhouse?tid=2331119,
Ульяновская область,Чердаклинский муниципальный район,Красноярское,2331106,2331119,,https://www.reformagkh.ru/myhouse?tid=2331106,https://www.reformagkh.ru/myhouse?tid=2331119,
Ульяновская область,Новоспасский муниципальный район,,2331106,2331124,,https://www.reformagkh.ru/myhouse?tid=2331106,https://www.reformagkh.ru/myhouse?tid=2331124,
Ульяновская область,Новоспасский муниципальный район,Фабричновыселковское,2331106,2331124,2331648,https://www.reformagkh.ru/myhouse?tid=2331106,https://www.reformagkh.ru/myhouse?tid=2331124,https://www.reformagkh.ru/myhouse?tid=2331648
Ульяновская область,Новоспасский муниципальный район,Садовское,2331106,2331124,,https://www.reformagkh.ru/myhouse?tid=2331106,https://www.reformagkh.ru/myhouse?tid=2331124,
Ульяновская область,Новоспасский муниципальный район,Троицкосунгурское,2331106,2331124,2331647,https://www.reformagkh.ru/myhouse?tid=2331106,https://www.reformagkh.ru/myhouse?tid=2331124,https://www.reformagkh.ru/myhouse?tid=2331647
Ульяновская область,Новоспасский муниципальный район,Красносельское,2331106,2331124,2331645,https://www.reformagkh.ru/myhouse?tid=2331106,https://www.reformagkh.ru/myhouse?tid=2331124,https://www.reformagkh.ru/myhouse?tid=2331645
Ульяновская область,Новоспасский муниципальный район,Коптевское,2331106,2331124,,https://www.reformagkh.ru/myhouse?tid=2331106,https://www.reformagkh.ru/myhouse?tid=2331124,
Ульяновская область,Новоспасский муниципальный район,Новоспасское,2331106,2331124,2331643,https://www.reformagkh.ru/myhouse?tid=2331106,https://www.reformagkh.ru/myhouse?tid=2331124,https://www.reformagkh.ru/myhouse?tid=2331643
Ульяновская область,Цильнинский муниципальный район,,2331106,2331116,,https://www.reformagkh.ru/myhouse?tid=2331106,https://www.reformagkh.ru/myhouse?tid=2331116,
Ульяновская область,Цильнинский муниципальный район,Тимерсянское,2331106,2331116,,https://www.reformagkh.ru/myhouse?tid=2331106,https://www.reformagkh.ru/myhouse?tid=2331116,
Ульяновская область,Цильнинский муниципальный район,Алгашинское,2331106,2331116,,https://www.reformagkh.ru/myhouse?tid=2331106,https://www.reformagkh.ru/myhouse?tid=2331116,
Ульяновская область,Цильнинский муниципальный район,Анненковское,2331106,2331116,2331999,https://www.reformagkh.ru/myhouse?tid=2331106,https://www.reformagkh.ru/myhouse?tid=2331116,https://www.reformagkh.ru/myhouse?tid=2331999
Ульяновская область,Цильнинский муниципальный район,Большенагаткинское,2331106,2331116,2331993,https://www.reformagkh.ru/myhouse?tid=2331106,https://www.reformagkh.ru/myhouse?tid=2331116,https://www.reformagkh.ru/myhouse?tid=2331993
Ульяновская область,Цильнинский муниципальный район,Елховоозерское,2331106,2331116,,https://www.reformagkh.ru/myhouse?tid=2331106,https://www.reformagkh.ru/myhouse?tid=2331116,
Ульяновская область,Цильнинский муниципальный район,Цильнинское,2331106,2331116,2331992,https://www.reformagkh.ru/myhouse?tid=2331106,https://www.reformagkh.ru/myhouse?tid=2331116,https://www.reformagkh.ru/myhouse?tid=2331992
Ульяновская область,Цильнинский муниципальный район,Мокробугурнинское,2331106,2331116,,https://www.reformagkh.ru/myhouse?tid=2331106,https://www.reformagkh.ru/myhouse?tid=2331116,
Ульяновская область,Цильнинский муниципальный район,Новоникулинское,2331106,2331116,2331996,https://www.reformagkh.ru/myhouse?tid=2331106,https://www.reformagkh.ru/myhouse?tid=2331116,https://www.reformagkh.ru/myhouse?tid=2331996
Ульяновская область,Старокулаткинский муниципальный район,,2331106,2331107,,https://www.reformagkh.ru/myhouse?tid=2331106,https://www.reformagkh.ru/myhouse?tid=2331107,
Ульяновская область,Старокулаткинский муниципальный район,Мостякское,2331106,2331107,,https://www.reformagkh.ru/myhouse?tid=2331106,https://www.reformagkh.ru/myhouse?tid=2331107,
Ульяновская область,Старокулаткинский муниципальный район,Терешанское,2331106,2331107,,https://www.reformagkh.ru/myhouse?tid=2331106,https://www.reformagkh.ru/myhouse?tid=2331107,
Ульяновская область,Старокулаткинский муниципальный район,Зеленовское,2331106,2331107,,https://www.reformagkh.ru/myhouse?tid=2331106,https://www.reformagkh.ru/myhouse?tid=2331107,
Ульяновская область,Старокулаткинский муниципальный район,Староатлашское,2331106,2331107,,https://www.reformagkh.ru/myhouse?tid=2331106,https://www.reformagkh.ru/myhouse?tid=2331107,
Ульяновская область,Старокулаткинский муниципальный район,Старокулатненское,2331106,2331107,2331771,https://www.reformagkh.ru/myhouse?tid=2331106,https://www.reformagkh.ru/myhouse?tid=2331107,https://www.reformagkh.ru/myhouse?tid=2331771
Ульяновская область,Мелекесский муниципальный район,,2331106,2331121,,https://www.reformagkh.ru/myhouse?tid=2331106,https://www.reformagkh.ru/myhouse?tid=2331121,
Ульяновская область,Мелекесский муниципальный район,Старосахчинское,2331106,2331121,,https://www.reformagkh.ru/myhouse?tid=2331106,https://www.reformagkh.ru/myhouse?tid=2331121,
Ульяновская область,Мелекесский муниципальный район,Рязановское,2331106,2331121,2331504,https://www.reformagkh.ru/myhouse?tid=2331106,https://www.reformagkh.ru/myhouse?tid=2331121,https://www.reformagkh.ru/myhouse?tid=2331504
Ульяновская область,Мелекесский муниципальный район,Мулловское,2331106,2331121,2331498,https://www.reformagkh.ru/myhouse?tid=2331106,https://www.reformagkh.ru/myhouse?tid=2331121,https://www.reformagkh.ru/myhouse?tid=2331498
Ульяновская область,Мелекесский муниципальный район,Новоселкинское,2331106,2331121,2331501,https://www.reformagkh.ru/myhouse?tid=2331106,https://www.reformagkh.ru/myhouse?tid=2331121,https://www.reformagkh.ru/myhouse?tid=2331501
Ульяновская область,Мелекесский муниципальный район,Новомайнское,2331106,2331121,2331499,https://www.reformagkh.ru/myhouse?tid=2331106,https://www.reformagkh.ru/myhouse?tid=2331121,https://www.reformagkh.ru/myhouse?tid=2331499
Ульяновская область,Мелекесский муниципальный район,Николочеремшанское,2331106,2331121,2331503,https://www.reformagkh.ru/myhouse?tid=2331106,https://www.reformagkh.ru/myhouse?tid=2331121,https://www.reformagkh.ru/myhouse?tid=2331503
Ульяновская область,Мелекесский муниципальный район,Тиинское,2331106,2331121,2331506,https://www.reformagkh.ru/myhouse?tid=2331106,https://www.reformagkh.ru/myhouse?tid=2331121,https://www.reformagkh.ru/myhouse?tid=2331506
Ульяновская область,Мелекесский муниципальный район,Лебяжинское,2331106,2331121,2331502,https://www.reformagkh.ru/myhouse?tid=2331106,https://www.reformagkh.ru/myhouse?tid=2331121,https://www.reformagkh.ru/myhouse?tid=2331502
Ульяновская область,город Новоульяновск,,2331106,2331127,,https://www.reformagkh.ru/myhouse?tid=2331106,https://www.reformagkh.ru/myhouse?tid=2331127,
Ульяновская область,Радищевский муниципальный район,,2331106,2331129,,https://www.reformagkh.ru/myhouse?tid=2331106,https://www.reformagkh.ru/myhouse?tid=2331129,
Ульяновская область,Радищевский муниципальный район,Дмитриевское,2331106,2331129,2331714,https://www.reformagkh.ru/myhouse?tid=2331106,https://www.reformagkh.ru/myhouse?tid=2331129,https://www.reformagkh.ru/myhouse?tid=2331714
Ульяновская область,Радищевский муниципальный район,Октябрьское,2331106,2331129,2331716,https://www.reformagkh.ru/myhouse?tid=2331106,https://www.reformagkh.ru/myhouse?tid=2331129,https://www.reformagkh.ru/myhouse?tid=2331716
Ульяновская область,Радищевский муниципальный район,Ореховское,2331106,2331129,,https://www.reformagkh.ru/myhouse?tid=2331106,https://www.reformagkh.ru/myhouse?tid=2331129,
Ульяновская область,Радищевский муниципальный район,Калиновское,2331106,2331129,2331715,https://www.reformagkh.ru/myhouse?tid=2331106,https://www.reformagkh.ru/myhouse?tid=2331129,https://www.reformagkh.ru/myhouse?tid=2331715
Ульяновская область,Радищевский муниципальный район,Радищевское,2331106,2331129,2331713,https://www.reformagkh.ru/myhouse?tid=2331106,https://www.reformagkh.ru/myhouse?tid=2331129,https://www.reformagkh.ru/myhouse?tid=2331713
Ульяновская область,Базарносызганский муниципальный район,,2331106,2331110,,https://www.reformagkh.ru/myhouse?tid=2331106,https://www.reformagkh.ru/myhouse?tid=2331110,
Ульяновская область,Базарносызганский муниципальный район,Должниковское,2331106,2331110,,https://www.reformagkh.ru/myhouse?tid=2331106,https://www.reformagkh.ru/myhouse?tid=2331110,
Ульяновская область,Базарносызганский муниципальный район,Лапшаурское,2331106,2331110,,https://www.reformagkh.ru/myhouse?tid=2331106,https://www.reformagkh.ru/myhouse?tid=2331110,
Ульяновская область,Базарносызганский муниципальный район,Сосновоборское,2331106,2331110,,https://www.reformagkh.ru/myhouse?tid=2331106,https://www.reformagkh.ru/myhouse?tid=2331110,
Ульяновская область,Базарносызганский муниципальный район,Папузинское,2331106,2331110,,https://www.reformagkh.ru/myhouse?tid=2331106,https://www.reformagkh.ru/myhouse?tid=2331110,
Ульяновская область,Базарносызганский муниципальный район,Базарносызганское,2331106,2331110,2331131,https://www.reformagkh.ru/myhouse?tid=2331106,https://www.reformagkh.ru/myhouse?tid=2331110,https://www.reformagkh.ru/myhouse?tid=2331131
Ульяновская область,Инзенский муниципальный район,,2331106,2331114,,https://www.reformagkh.ru/myhouse?tid=2331106,https://www.reformagkh.ru/myhouse?tid=2331114,
Ульяновская область,Инзенский муниципальный район,Оськинское,2331106,2331114,,https://www.reformagkh.ru/myhouse?tid=2331106,https://www.reformagkh.ru/myhouse?tid=2331114,
Ульяновская область,Инзенский муниципальный район,Сюксюмское,2331106,2331114,,https://www.reformagkh.ru/myhouse?tid=2331106,https://www.reformagkh.ru/myhouse?tid=2331114,
Ульяновская область,Инзенский муниципальный район,Черемушкинское,2331106,2331114,,https://www.reformagkh.ru/myhouse?tid=2331106,https://www.reformagkh.ru/myhouse?tid=2331114,
Ульяновская область,Инзенский муниципальный район,Инзенское,2331106,2331114,2331271,https://www.reformagkh.ru/myhouse?tid=2331106,https://www.reformagkh.ru/myhouse?tid=2331114,https://www.reformagkh.ru/myhouse?tid=2331271
Ульяновская область,Инзенский муниципальный район,Валгусское,2331106,2331114,,https://www.reformagkh.ru/myhouse?tid=2331106,https://www.reformagkh.ru/myhouse?tid=2331114,
Ульяновская область,Инзенский муниципальный район,Труслейское,2331106,2331114,2331277,https://www.reformagkh.ru/myhouse?tid=2331106,https://www.reformagkh.ru/myhouse?tid=2331114,https://www.reformagkh.ru/myhouse?tid=2331277
Ульяновская область,Инзенский муниципальный район,Глотовское,2331106,2331114,2331272,https://www.reformagkh.ru/myhouse?tid=2331106,https://www.reformagkh.ru/myhouse?tid=2331114,https://www.reformagkh.ru/myhouse?tid=2331272
Ульяновская область,Инзенский муниципальный район,Коржевское,2331106,2331114,,https://www.reformagkh.ru/myhouse?tid=2331106,https://www.reformagkh.ru/myhouse?tid=2331114,
Ульяновская область,Кузоватовский муниципальный район,,2331106,2331118,,https://www.reformagkh.ru/myhouse?tid=2331106,https://www.reformagkh.ru/myhouse?tid=2331118,
Ульяновская область,Кузоватовский муниципальный район,Лесоматюнинское,2331106,2331118,,https://www.reformagkh.ru/myhouse?tid=2331106,https://www.reformagkh.ru/myhouse?tid=2331118,
Ульяновская область,Кузоватовский муниципальный район,Безводовское,2331106,2331118,,https://www.reformagkh.ru/myhouse?tid=2331106,https://www.reformagkh.ru/myhouse?tid=2331118,
Ульяновская область,Кузоватовский муниципальный район,Спешневское,2331106,2331118,,https://www.reformagkh.ru/myhouse?tid=2331106,https://www.reformagkh.ru/myhouse?tid=2331118,
Ульяновская область,Кузоватовский муниципальный район,Кузоватовское,2331106,2331118,2331383,https://www.reformagkh.ru/myhouse?tid=2331106,https://www.reformagkh.ru/myhouse?tid=2331118,https://www.reformagkh.ru/myhouse?tid=2331383
Ульяновская область,Кузоватовский муниципальный район,Коромысловское,2331106,2331118,,https://www.reformagkh.ru/myhouse?tid=2331106,https://www.reformagkh.ru/myhouse?tid=2331118,
Ульяновская область,Кузоватовский муниципальный район,Еделевское,2331106,2331118,,https://www.reformagkh.ru/myhouse?tid=2331106,https://www.reformagkh.ru/myhouse?tid=2331118,
Ульяновская область,Старомайнский муниципальный район,,2331106,2331108,,https://www.reformagkh.ru/myhouse?tid=2331106,https://www.reformagkh.ru/myhouse?tid=2331108,
Ульяновская область,Старомайнский муниципальный район,Старомайнское,2331106,2331108,2331794,https://www.reformagkh.ru/myhouse?tid=2331106,https://www.reformagkh.ru/myhouse?tid=2331108,https://www.reformagkh.ru/myhouse?tid=2331794
Ульяновская область,Старомайнский муниципальный район,Урайкинское,2331106,2331108,,https://www.reformagkh.ru/myhouse?tid=2331106,https://www.reformagkh.ru/myhouse?tid=2331108,
Ульяновская область,Старомайнский муниципальный район,Краснореченское,2331106,2331108,,https://www.reformagkh.ru/myhouse?tid=2331106,https://www.reformagkh.ru/myhouse?tid=2331108,
Ульяновская область,Старомайнский муниципальный район,Жедяевское,2331106,2331108,,https://www.reformagkh.ru/myhouse?tid=2331106,https://www.reformagkh.ru/myhouse?tid=2331108,
Ульяновская область,Старомайнский муниципальный район,Матвеевское,2331106,2331108,,https://www.reformagkh.ru/myhouse?tid=2331106,https://www.reformagkh.ru/myhouse?tid=2331108,
Ульяновская область,Старомайнский муниципальный район,Прибрежненское,2331106,2331108,2331798,https://www.reformagkh.ru/myhouse?tid=2331106,https://www.reformagkh.ru/myhouse?tid=2331108,https://www.reformagkh.ru/myhouse?tid=2331798
Ульяновская область,Старомайнский муниципальный район,Кандалинское,2331106,2331108,,https://www.reformagkh.ru/myhouse?tid=2331106,https://www.reformagkh.ru/myhouse?tid=2331108,
Ульяновская область,Вешкаймский муниципальный район,,2331106,2331113,,https://www.reformagkh.ru/myhouse?tid=2331106,https://www.reformagkh.ru/myhouse?tid=233